1,https://t.co/3HqgAz0sHt,Mon May 20 06:43:07 +0000 2019
2,"w3m-imgはxtermでしか動作しない(画像表示できない)
ファイルシステム(file:///)も開けるので,ローカルのmhtとかhtmを開ける
いいね",Mon May 20 06:42:39 +0000 2019
3,ンギィ https://t.co/MTUgXFzpNd,Mon May 20 06:27:52 +0000 2019
4,メリットで笑ってしまった,Mon May 20 06:21:27 +0000 2019
5,https://t.co/bt6a4TVmZd,Mon May 20 06:20:07 +0000 2019
6,&amp;gtとかをHTMLEntitiesで戻す,Mon May 20 00:26:46 +0000 2019
7,トップページだけ落ちてる？,Sun May 19 23:47:06 +0000 2019
8,RT @choco_mint0u0: 人生染色体からやり直したい,Sun May 19 22:25:12 +0000 2019
9,"いやまてエラー一回でも踏んだら止まって終わる
例外処理",Sun May 19 21:43:52 +0000 2019
10,"これwebアプリで公開したいがphpなどの知識は無い
データ工学概論終わったらやる",Sun May 19 21:42:37 +0000 2019
11,"{半分|全部}の{いいね|ツイート}をランダムで消してLINEに通知するおもちゃ
https://t.co/xhqg9oQUVR",Sun May 19 21:39:15 +0000 2019
12,"関数にする
モジュールにする
ととても良い",Sun May 19 17:55:50 +0000 2019
13,"変数定義した別ファイルimport
使用時には明示的にfilename.valuableしないと怒られる[誰によって?]",Sun May 19 17:46:39 +0000 2019
14,"https://t.co/fC3MfknWBb
でっちあげrepositoryで草",Sun May 19 16:15:17 +0000 2019
15,"連絡会の
配線図
スライド",Sun May 19 15:26:38 +0000 2019
16,"twitter上
711ファミマローソンのネットプリント番号の補足",Sun May 19 15:24:23 +0000 2019
17,"使わんスマホつけっぱにしてサーバとして使っている
熱くなるので危ないか",Sun May 19 13:13:17 +0000 2019
18,チクチン滅茶苦茶に扱き倒して殺したい,Sun May 19 12:36:49 +0000 2019
19,"本質情報
https://t.co/jpHv4ms9x1",Sun May 19 12:30:25 +0000 2019
20,チクチン,Sun May 19 12:23:40 +0000 2019
21,gist 一括clone,Sun May 19 11:53:41 +0000 2019
22,status codeは200かそうでないかだけ確認する人生,Sun May 19 07:48:51 +0000 2019
23,"2h毎で乱数振る
10%でツイート全消し
10%でいいね全消し
5%で両方",Sun May 19 01:17:10 +0000 2019
24,サイゼリヤ一万円 ナップザックだ,Sat May 18 21:08:43 +0000 2019
25,これで某まんこ垢の更新を逐一チェックできる,Sat May 18 20:10:10 +0000 2019
26,"https://t.co/Xo67QTk3e2
画像つきのツイートならそれもlineに送信 https://t.co/gs4P80mGja",Sat May 18 20:08:16 +0000 2019
27,test https://t.co/pGc004z5U3,Sat May 18 18:23:24 +0000 2019
28,"https://t.co/EN36DVXmlI
Twitter監視してLINEに通知する",Sat May 18 17:54:09 +0000 2019
29,test,Sat May 18 17:41:33 +0000 2019
30,https://t.co/pcGbX3F8J2,Sat May 18 16:42:30 +0000 2019
31,連絡会,Sat May 18 15:26:12 +0000 2019
32,"RT @kasuga2019: 明日は最後の新歓イベント、BBQ@野性の森、です!!
12時に平砂宿舎共用棟前に来てください!!
虫さん蜂さん🐝がいると思われるので長袖長ズボン推奨です〜
参加お待ちしております🌱",Sat May 18 15:15:02 +0000 2019
33,"いいこよいこ
115415",Sat May 18 05:41:08 +0000 2019
34,https://t.co/VAWMXbY6vy,Fri May 17 19:17:03 +0000 2019
35,"https://t.co/Fxma1wpRzd
CSV",Fri May 17 18:23:00 +0000 2019
36,"https://t.co/Wecyi2mnrn
全tweet取得",Fri May 17 17:54:19 +0000 2019
37,APIから投稿.,Fri May 17 16:51:53 +0000 2019
38,"【TIPS】
さ・・・さしみ
し・・・しにたい
す・・・
せ・・・
そ・・・",Fri May 17 15:16:25 +0000 2019
39,"RT @roshiaNOW: ロシアで話されている他の言語のいくつかに比べれば、ロシア語など楽なものだ。6つの格が難しいと思うなら、名詞が44〜46の格をもつ言語「タバサラン語」について読んでみよう。
https://t.co/0kLQsvHS6W",Fri May 17 12:22:02 +0000 2019
40,来週からKLCで虚無する人になります,Fri May 17 07:04:37 +0000 2019
41,まじでやばくなるまで課題とか仕事やらないのやめろ,Fri May 17 06:16:01 +0000 2019
42,地獄 https://t.co/088he3BSP3,Thu May 16 13:29:27 +0000 2019
43,https://t.co/pcQ0ZYxCOj,Thu May 16 13:24:33 +0000 2019
44,https://t.co/Hsw8uiMy12,Thu May 16 13:06:31 +0000 2019
45,@Cvadogsan Dr .TJ?,Thu May 16 11:50:46 +0000 2019
46,辻先生の垢らしい https://t.co/FEDC3khBda,Thu May 16 09:51:29 +0000 2019
47,"RT @milkya: Q&Aサイトと公共図書館レファレンスサービスの正答率比較 辻 慶太 , 楳原 衣恵 , 木川田 朱美 , 原 淳之 http://ci.nii.ac.jp/naid/110007819792 ( #l1gp live at http://ustre.am…",Thu May 16 09:47:21 +0000 2019
48,RT @hayashiyutaka: 採用試験より難しい / “図書館情報学の基礎教養問題 - 辻慶太研究室@筑波大学” http://t.co/GzfbPAyW,Thu May 16 09:47:08 +0000 2019
49,経由で勝手に任意のtwitterカード表示できるようにできるサービス,Thu May 16 09:45:04 +0000 2019
50,https://t.co/fu56wPFeum,Thu May 16 09:44:27 +0000 2019
51,RT @co_shappp: 探索論補講 https://t.co/AQwD5QMt49,Thu May 16 09:41:58 +0000 2019
52,@_ATEBOI_ @sanakuva 他の二人は靭やかちんぽをお持ちでいらっしゃる,Thu May 16 05:42:53 +0000 2019
53,@_ATEBOI_ @sanakuva 赤ちゃんちんぽは未発達,Thu May 16 05:37:15 +0000 2019
54,@FroslassingPlus マヨネーズどう？,Thu May 16 03:42:09 +0000 2019
55,"店休！
店休解除！",Thu May 16 02:59:05 +0000 2019
56,RT @tatsuro3311: 券売機なおりました！通常営業致します。本当に申し訳ありません。,Thu May 16 02:58:50 +0000 2019
57,既読つかない https://t.co/sfDFSJICg2,Thu May 16 02:58:09 +0000 2019
58,RT @tatsuro3311: 本日、諸事情の為、券売機故障のために昼店休致します。本当に申し訳ありません、宜しくお願いいたします。,Thu May 16 02:57:24 +0000 2019
59,今晩やる,Thu May 16 02:22:54 +0000 2019
60,せきキャン△26日まで,Thu May 16 02:22:30 +0000 2019
61,"マイクロタスクページ
画像加工
フォーマットを読み取って個人情報の場所をマスク
内容 数字 とかを切り分けてデータベースに挿入
モードを作って内容タイピングモード 数字タイピングモード
php",Thu May 16 02:04:07 +0000 2019
62,"休 とか から営業 が含まれた投稿内容とその投稿日時を抽出
if /休/
全休
else if /から営業/
半休
（午前午後の判定）
end
csvにでも入れる",Thu May 16 01:54:47 +0000 2019
63,龍郎店休 マッピング,Thu May 16 01:42:28 +0000 2019
64,"RT @livedoornews: 【女性セブン報道】TOKIO元メンバー山口達也氏、治療とリハビリに励む現在の姿
https://t.co/qIWqZs9Bbq

躁鬱病との診断を受け、カウンセリングやリハビリを続けているという。ウォーキング中にはふらつき座り込む姿も。 ht…",Thu May 16 00:33:52 +0000 2019
65,RT @lurkmoreeee: Красивые девушки всегда ведутся на каких-то гоблинов https://t.co/OmcnLw8YAQ,Wed May 15 23:19:25 +0000 2019
66,https://t.co/BhSKv246hV,Wed May 15 20:52:19 +0000 2019
