1,魔剤飲んでるけど全く効果がない,Mon May 20 04:04:14 +0000 2019
2,RT @wolpis_kater: YouTubeの収益化申請通った・・・・・・・・・・・・・・・・・・・・・・・・・・・・・・・・・・・・・・・・・・・・・・・・・・・・・・・・・・・・・・・・・・・・・・・・・・・・・・・・・やっとけーぽんにお賃金払える・・・・・・・・・・…,Mon May 20 03:58:58 +0000 2019
3,明日学校なのになんでカラオケいるの,Sun May 19 17:41:55 +0000 2019
4,1回授業サボっちゃたから全てのやる気が消滅してる,Fri May 17 06:24:45 +0000 2019
5,やる気が全くでない,Fri May 17 06:23:38 +0000 2019
6,"@irizon_klis いいっすねぇ
俺も多分行かないわ",Thu May 16 17:49:14 +0000 2019
7,@yntpass 期待してるわ笑,Thu May 16 17:42:17 +0000 2019
8,"@yntpass わろた笑
こんな時間まで起きてて大丈夫なのか？笑",Thu May 16 17:28:08 +0000 2019
9,@yntpass でもやなぎだ行かないでしょ？笑,Thu May 16 17:22:52 +0000 2019
10,"@yntpass 欠席になるで
でも俺まだ1回も休んでないし良いかなと…",Thu May 16 17:21:43 +0000 2019
11,あ〜 体育行くか迷うなぁ,Thu May 16 16:35:58 +0000 2019
12,体力測定めんどいので明日体育行かないかも,Thu May 16 16:02:52 +0000 2019
13,朝から受ける講義も悪くないよ(),Thu May 16 00:23:19 +0000 2019
14,まぁ人少ないほうが授業受けやすいので…,Thu May 16 00:22:06 +0000 2019
15,"まともな声優が小林裕介しかいないんですが…
 #賢者の孫",Wed May 15 18:10:57 +0000 2019
16,"EDで変な笑いをとろうとするな
 #賢者の孫",Wed May 15 18:10:25 +0000 2019
17,盾の勇者観たあとに賢者の孫観るとギャグアニメみてる気分になる,Wed May 15 17:49:15 +0000 2019
18,何故1限ある日の前日に限って寝れないのか,Tue May 14 20:25:07 +0000 2019
19,@fjord_I おめでと！,Thu May 09 02:32:43 +0000 2019
20,インドア系ならトラックメイカー好きすぎて無限に聴いてられる,Wed May 08 21:40:32 +0000 2019
21,行動論やっと終わった… 寝る！,Wed May 08 21:39:41 +0000 2019
22,今から行動論やるけど参考文献見て萎えた,Wed May 08 06:04:11 +0000 2019
23,@irizon_klis 紙だよ,Wed May 08 06:00:57 +0000 2019
24,@FroslassingPlus 天才すぎて泣いた,Wed May 08 05:54:47 +0000 2019
25,"@FroslassingPlus わろた
行動論の課題もう終わったの？",Wed May 08 05:49:55 +0000 2019
26,@FroslassingPlus 今日も行ったの？,Wed May 08 05:47:40 +0000 2019
27,@irizon_klis ふーん、やるじゃん,Tue May 07 11:49:57 +0000 2019
28,@irizon_klis 遠すぎワロタ,Tue May 07 11:47:13 +0000 2019
29,@irizon_klis どこ？,Tue May 07 11:12:06 +0000 2019
30,公務員になるにはklisは割と良さそうなのでまぁ結果オーライ,Tue May 07 10:26:23 +0000 2019
31,公務員講座のテスト最高点でしたわ,Tue May 07 10:26:08 +0000 2019
32,@FroslassingPlus あーい😎,Tue May 07 10:10:01 +0000 2019
33,@FroslassingPlus しょうがねぇなぁ,Tue May 07 10:06:02 +0000 2019
34,@FroslassingPlus あと1時間、耐えてくれ…！,Tue May 07 10:00:36 +0000 2019
35,傘さし自転車は追突して分からせるしかない,Tue May 07 04:59:06 +0000 2019
36,平成最後の龍郎ですわ https://t.co/dpLaJCecKP,Fri Apr 26 09:24:33 +0000 2019
37,@irizon_klis あるぞ(持ち込み不可),Fri Apr 26 07:30:07 +0000 2019
38,@FroslassingPlus やなぎだくんが行きたがってるので行きましょう,Thu Apr 25 04:42:45 +0000 2019
39,@FroslassingPlus 夜龍郎行かない？？,Thu Apr 25 04:35:34 +0000 2019
40,今日15分遅いやつじゃん,Thu Apr 25 03:21:11 +0000 2019
41,DBか探索論切るか今更迷ってきた,Wed Apr 24 13:48:42 +0000 2019
42,@_ATEBOI_ やったぜ,Wed Apr 24 03:19:23 +0000 2019
43,@_ATEBOI_ 君のラップを皆に聞かせたかったよ,Wed Apr 24 03:11:21 +0000 2019
44,松美池にきたらこじょー君がラップしてくれますよ、楽しい(写真ブレブレ) https://t.co/cNJP2BJkYo,Tue Apr 23 13:47:29 +0000 2019
45,ワイヤレスイヤホンが有能すぎる…,Tue Apr 23 04:23:30 +0000 2019
46,"モンスターの新作まぁまぁ美味い
けどちょっと微妙だな",Tue Apr 23 04:02:30 +0000 2019
47,"(⌒,_ゝ⌒)",Mon Apr 22 08:19:50 +0000 2019
48,俺の生きる道の曲良いな〜,Fri Apr 19 09:29:18 +0000 2019
49,イヤホンしてるから先生の声が聞こえない、写真はとってる,Thu Apr 18 08:19:55 +0000 2019
50,@yntpass 選択式っぽいからそれでも大丈夫笑,Thu Apr 18 06:44:04 +0000 2019
51,@yntpass でるよ、カンペに似顔絵書かないといけない…,Thu Apr 18 06:42:16 +0000 2019
52,逆に授業に集中できないわ,Thu Apr 18 06:41:28 +0000 2019
53,ひたすら写真とるの不毛すぎる,Thu Apr 18 06:40:53 +0000 2019
54,どうせ写真とるんだからパワポくださいよ,Thu Apr 18 04:25:34 +0000 2019
55,英語も映像メディアも買わなきゃだし…,Thu Apr 18 04:22:13 +0000 2019
56,本めっちゃ買わされるの辛いねぇ,Thu Apr 18 04:21:47 +0000 2019
57,問題多すぎやろ…,Tue Apr 16 12:19:57 +0000 2019
58,公務員試験の過去問で頭爆発した,Tue Apr 16 12:19:46 +0000 2019
59,なんでこんな人多いの,Tue Apr 16 06:09:06 +0000 2019
60,KA→サイベックス→スマブラ の最強ムーブ超絶楽しかった,Fri Apr 12 20:56:25 +0000 2019
61,@FroslassingPlus 笑えないネタをだすんじゃねぇ……,Fri Apr 12 10:56:25 +0000 2019
62,@FroslassingPlus ほんdoがはよ来いってブチギレてるぞ,Fri Apr 12 10:52:43 +0000 2019
63,スタバの新作よりも魔剤の新作が飲みたい、切実に,Fri Apr 12 05:51:09 +0000 2019
64,プレゼンだけ露骨に人気ないの草生えますわ,Fri Apr 12 05:27:34 +0000 2019
65,そうすると春cの金曜が全休になるから逆にアドかも,Fri Apr 12 05:26:08 +0000 2019
66,専門英語Aを水曜4限にいれて、3限にtestingかな…,Fri Apr 12 05:25:07 +0000 2019
67,英語落ちててガチで萎えてる,Fri Apr 12 05:17:43 +0000 2019
68,@yntpass ワンチャン抽選落ちてんのか俺…,Thu Apr 11 11:37:20 +0000 2019
69,@yntpass え、どんな画面になってる？,Thu Apr 11 11:34:45 +0000 2019
70,@fjord_ITF おぉーマジか知らなかったわサンガツ,Thu Apr 11 10:40:01 +0000 2019
71,まぁ最悪取れなかったら秋に2つ取ればいい話か,Thu Apr 11 10:23:16 +0000 2019
72,14時って授業の後じゃん…,Thu Apr 11 10:23:06 +0000 2019
73,あれ、専門英語基礎演習…？ https://t.co/PczT0l7nvn,Thu Apr 11 10:19:52 +0000 2019
74,@irizon_klis 天才すぎて言葉がでねぇよ…,Thu Apr 11 03:12:07 +0000 2019
75,"@irizon_klis 乙やな
戻って質的の予習でもやってな！",Thu Apr 11 03:03:15 +0000 2019
76,@irizon_klis らしいね,Thu Apr 11 02:59:37 +0000 2019
77,@FroslassingPlus 天才スギィ！,Thu Apr 11 02:57:38 +0000 2019
78,質的休講か、寝るかゲームするか迷うな…,Thu Apr 11 02:51:49 +0000 2019
79,シス概と同じかんじは助かる,Wed Apr 10 23:54:48 +0000 2019
80,あれ、もう帰れる？？,Wed Apr 10 23:54:16 +0000 2019
81,今日フルコマ〜…,Wed Apr 10 20:37:15 +0000 2019
82,担任前の方がよかったわ,Tue Apr 09 04:35:25 +0000 2019
83,@FroslassingPlus @yntpass 飯テロやめいｗ,Tue Apr 09 03:35:24 +0000 2019
84,@yntpass @FroslassingPlus よっしゃ！,Tue Apr 09 03:34:13 +0000 2019
85,@yntpass 夜飯ワンチャン？,Tue Apr 09 03:32:25 +0000 2019
86,気づいたら朝になってるし,Mon Apr 08 21:34:20 +0000 2019
87,何回泣きそうになったかわかんねぇ,Mon Apr 08 21:34:07 +0000 2019
88,リゼロ、鬱のイメージしかなかったけど改めてみたら感動しかなかった,Mon Apr 08 21:33:49 +0000 2019
89,"夏休みに治験やってみようかな
ちょっと危険な気はするけど…",Mon Apr 08 18:46:55 +0000 2019
90,漫喫ありだけど遠すぎ問題,Mon Apr 08 18:39:00 +0000 2019
91,週2くらいでやりたいって気持ちはあるけど,Mon Apr 08 18:35:38 +0000 2019
92,バイト探してるけど全部ブラックに見えてなかなか決まらねぇ,Mon Apr 08 18:35:02 +0000 2019
93,もこうがでてたNHK今日だったのかよ…,Mon Apr 08 18:23:42 +0000 2019
94,自由単の12単位を今年中にとりきっちゃうと来年の専門科目を余分にとったとき無駄な単位がでてくるのか,Mon Apr 08 16:57:55 +0000 2019
95,"ベタだけど自分の作った料理を美味いって言ってもらえるのマジで嬉しい
料理人にでもなるか〜",Mon Apr 08 16:55:30 +0000 2019
96,春C以降、全休が最低でも1日あって最高,Mon Apr 08 16:41:05 +0000 2019
97,きそすーB、多変量解析、量的はとらないけど他に切った方がいいやつとかありますかね,Sun Apr 07 17:58:49 +0000 2019
98,"@fjord_ITF 流石にそうだよね
りょうかいっす",Sun Apr 07 17:54:55 +0000 2019
99,"@fjord_ITF こんなのあったんだ
これって図概とか基礎数みたいに専門基礎科目としてカウントできる？",Sun Apr 07 17:45:58 +0000 2019
100,シラバスに2019年度以降の入学者対象ってなってるけどとれるのか？,Sun Apr 07 17:39:50 +0000 2019
101,コン応とれないの辛い,Sun Apr 07 17:37:39 +0000 2019
102,キャンパスツアー楽しかったけど歩きすぎて足が死んでる…,Sun Apr 07 07:42:04 +0000 2019
103,LiSAいいなーやっぱ,Sat Apr 06 14:58:54 +0000 2019
104,作画も声優もBGMも既にやばい,Sat Apr 06 14:35:51 +0000 2019
105,鬼滅の刃はじまったぁあああ！,Sat Apr 06 14:34:18 +0000 2019
106,そういえば大学循環バスの定期買ったけど結局1回も使わなかったな…,Thu Apr 04 09:19:46 +0000 2019
107,盾の勇者のopかっこよすぎんか,Wed Apr 03 20:52:46 +0000 2019
108,もう4月のはずなのに寒すぎとちゃうか,Wed Apr 03 20:44:20 +0000 2019
109,寒すぎて暖房つけてる,Wed Apr 03 20:43:47 +0000 2019
110,"@FroslassingPlus おけ笑
また決まったら送るわー",Wed Apr 03 12:05:56 +0000 2019
111,@FroslassingPlus もう履修組んだ？,Wed Apr 03 12:02:38 +0000 2019
112,久々に長時間ゲームして目が死んでる,Wed Apr 03 00:07:13 +0000 2019
113,ハンターライセンスは売れば7代先の子孫まで遊んで暮らせるんだよなぁ,Tue Apr 02 16:48:41 +0000 2019
114,twinsログインできると思ったら履修登録来週からかよ,Tue Apr 02 16:38:04 +0000 2019
115,"アニメマジで10周くらいしてるんだよなぁ
もちろん見るけど",Tue Apr 02 16:34:52 +0000 2019
116,ハンターハンター懐かしすぎて…,Tue Apr 02 16:32:51 +0000 2019
117,@yntpass 辞めて新しいバイト探そうぜ,Sun Mar 31 17:20:54 +0000 2019
118,EDで走るアニメは神作ってそれ一番言われてるんだよな,Sat Mar 30 18:28:09 +0000 2019
119,"かぐや様最終回めちゃくちゃよかったな〜
こんなに気持ちよく見終われたアニメ久々かも",Sat Mar 30 18:24:26 +0000 2019
120,窓の横にベッド置いたけど、寝とる時に蹴破ったり転げ落ちたりしないか心配…,Mon Mar 18 07:42:11 +0000 2019
121,でもまだWi-Fiないから宿舎で寝る,Mon Mar 18 07:37:19 +0000 2019
122,引越しほとんど終わった,Mon Mar 18 07:36:48 +0000 2019
123,"つくば着いた
飯のお誘い、待ってます",Sat Mar 16 08:14:50 +0000 2019
124,@FroslassingPlus 行くぞォオオオ！,Sat Mar 16 03:33:19 +0000 2019
125,@irizon_klis 引越しが明後日にあるからね,Sat Mar 16 03:32:50 +0000 2019
126,"乗り換えミスるとこやったわ
フェイントが過ぎるぜ…",Sat Mar 16 03:02:47 +0000 2019
127,つくば遠すぎるー、まだ松阪,Sat Mar 16 02:46:49 +0000 2019
128,2クールやってくれないのマジで辛い,Thu Mar 14 17:54:08 +0000 2019
129,約ネバやばすぎ、いやマジで,Thu Mar 14 17:53:49 +0000 2019
130,Nヴァンプだけ異常に強すぎでしょｗ,Thu Mar 14 10:49:51 +0000 2019
131,大会優勝者のデッキ使えるってのは結構ええなぁ,Thu Mar 14 10:48:58 +0000 2019
132,"RT @shadowverse_jp: 3月16日より、グランプリ「Legacy Decks Cup」開催決定！
歴代の人気デッキを、当時のカード能力のまま使用できる特殊フォーマットグランプリです！
詳細は公式サイトをご覧ください。

■グランプリ開催期間：3月16日 15:0…",Thu Mar 14 10:48:30 +0000 2019
133,明らかなニートで草 https://t.co/3vBsVhhtae,Wed Mar 13 17:20:02 +0000 2019
134,RT @mokouliszt: 砂の惑星／もこう 【歌ってみた】 cover https://t.co/tN2cxymByL,Mon Mar 11 11:34:02 +0000 2019
135,@theeightballboi んなわけ,Sun Mar 10 06:52:19 +0000 2019
136,"@FroslassingPlus ばにばにの場合は卒業すればそれで""勝ち""だから大丈夫",Sun Mar 10 00:40:19 +0000 2019
137,"入試区分とか関係ないでしょ
重要なのは入学してから""単位""が取れるかどうか
これだけなんだよなぁ…",Sun Mar 10 00:12:49 +0000 2019
138,まぁそんなこと入学したらみんな忘れるだろうけど,Sat Mar 09 23:49:22 +0000 2019
139,なりすましあったのか、歴史は繰り返すね,Sat Mar 09 23:49:00 +0000 2019
140,あー早くつくば戻ってラーメン食いてぇ,Sat Mar 09 09:52:14 +0000 2019
141,RT @wolpis_kater: 【動画】【ウォルピス社】ADAMASを歌ってみました【提供】 https://t.co/mqEemp4rbd を投稿しました。 #sm34744292,Fri Mar 08 10:42:46 +0000 2019
142,合格発表なんか初々しくていいね,Fri Mar 08 02:18:04 +0000 2019
143,RT @risru17: 【動画】【りする】ベノム【歌ってみた】 https://t.co/kG0bAL6mQ0 を投稿しました。 #sm34705796,Thu Feb 28 11:35:03 +0000 2019
144,GPAも微妙に上がってる,Fri Feb 22 05:56:47 +0000 2019
145,無事45単位とれてたぜ,Fri Feb 22 05:55:08 +0000 2019
146,寝落ちして2時間くらい寝たと思ったら14時間寝てた,Sat Feb 16 07:47:15 +0000 2019
147,今って夕方？,Sat Feb 16 07:46:12 +0000 2019
148,"カラオケ最高に楽しかった
1年生最後の締めになったね",Fri Feb 15 17:28:21 +0000 2019
149,みんなのカラオケの曲がささりすぎてやばいw,Fri Feb 15 15:47:09 +0000 2019
150,ほんdoもう少しそこで待ってて,Fri Feb 15 12:44:27 +0000 2019
151,腹がヤバイ,Fri Feb 15 12:43:45 +0000 2019
152,焼肉の度にもう二度と来ないと誓ってる,Fri Feb 15 12:43:24 +0000 2019
153,最後の中国語の授業マジででなければよかったわ,Fri Feb 15 07:55:58 +0000 2019
154,春休み〜,Fri Feb 15 07:55:08 +0000 2019
155,徹夜、良くない,Thu Feb 14 22:54:39 +0000 2019
156,あとチャイ語と英語の授業終えたら春休みや,Thu Feb 14 22:51:36 +0000 2019
157,年内に終わらせるとか言いながら締切当日の朝に終わらせるという,Thu Feb 14 22:50:22 +0000 2019
158,ヨロ史のレポ終わったーぁぁぁぁ！,Thu Feb 14 22:49:26 +0000 2019
159,先週で終わりじゃねーのかよ,Thu Feb 14 10:51:15 +0000 2019
160,明日中国語の補講とか聞いてないんだが…,Thu Feb 14 10:51:01 +0000 2019
161,ヨロ史ばっこりやるか,Thu Feb 14 06:03:05 +0000 2019
162,正直英語の勉強はだいぶ前に終わってたけど…,Wed Feb 13 21:55:23 +0000 2019
163,これくらいの時間に寝ると日中深夜テンションになる(？),Wed Feb 13 21:54:50 +0000 2019
164,C1英語のテスト範囲ってどこ？残ってるとこ全部でいいの,Wed Feb 13 16:16:49 +0000 2019
165,ラジオが隔週なのが辛いところ,Wed Feb 13 16:05:36 +0000 2019
166,盾の勇者だんだん面白くなってるな,Wed Feb 13 16:05:06 +0000 2019
167,今日統計のテスト終わってからずっと背中痛いって言ってる,Wed Feb 13 08:11:25 +0000 2019
168,誰か背中の痛みに詳しい人いませんかね,Wed Feb 13 08:10:48 +0000 2019
169,背中マジで痛い,Wed Feb 13 08:10:31 +0000 2019
170,棄却されない場合何も言えないのなんか草,Tue Feb 12 19:11:08 +0000 2019
171,"【公式】 ロジカ／かいりきベア feat.flower https://t.co/DmxG56db3N @YouTubeより

最近聴いたボカロで一番中毒性ある",Tue Feb 12 18:43:49 +0000 2019
172,30分だけスマブラやろ、30分だけ。,Tue Feb 12 17:33:50 +0000 2019
173,統計の教科書一通りオワオワリだけどどうしよ,Tue Feb 12 17:33:30 +0000 2019
174,0時から勉強する,Tue Feb 12 14:47:13 +0000 2019
175,いいねの数なんかバグってね？,Tue Feb 12 14:41:45 +0000 2019
176,よしなまの動画の見すぎでめっちゃ早口になってたわ今日,Tue Feb 12 11:53:12 +0000 2019
177,図書館と名のつく講義が1つだけ…,Tue Feb 12 10:29:49 +0000 2019
178,あ、とれないわ,Tue Feb 12 10:23:11 +0000 2019
179,とりたい,Tue Feb 12 10:21:08 +0000 2019
180,インターネット動画メディア論、2年のうちにとれるんじゃね？,Tue Feb 12 10:21:01 +0000 2019
181,1年で俺らが受けた授業ほとんど消えてるじゃん,Tue Feb 12 10:19:31 +0000 2019
182,龍郎と天地がやってないから…,Tue Feb 12 09:59:06 +0000 2019
183,むじゃきめっちゃ人いるｗ,Tue Feb 12 09:58:53 +0000 2019
184,3日連続ラーメン&amp;徹夜の未来がみえる,Tue Feb 12 09:32:54 +0000 2019
185,夕方まで寝るか,Mon Feb 11 22:24:31 +0000 2019
186,"@yntpass ラーメン2連続かよ笑
よくわかってるじゃん笑",Mon Feb 11 21:59:30 +0000 2019
187,@yntpass やべ、やってない笑,Mon Feb 11 21:55:42 +0000 2019
188,木曜英語の存在完全に忘れてた…,Mon Feb 11 21:47:10 +0000 2019
189,なんやねんこの文章,Mon Feb 11 19:54:43 +0000 2019
190,"それでは、もう夢も希望もないのでしょうか。
そんなことはありません。青い鳥は意外と身近にいるものです。",Mon Feb 11 19:54:31 +0000 2019
191,教科書言い回しが時々イラッとくる,Mon Feb 11 19:17:08 +0000 2019
192,統計の教科書、読者 と書いて ひと と読ませるな,Mon Feb 11 07:44:03 +0000 2019
193,今から間に合うのかこれ,Mon Feb 11 06:26:08 +0000 2019
194,統計やらなければ…,Mon Feb 11 06:25:43 +0000 2019
195,@sparkling_hsy @YouTube わかる,Mon Feb 11 06:12:22 +0000 2019
196,スマブラ本気でやるならプロコン買ったほうがいいですかね…？,Fri Feb 08 07:21:31 +0000 2019
197,公務員講座の紙出す場所どこですか,Fri Feb 08 07:16:20 +0000 2019
198,12時までに起きれなかったら中国語無条件で落単だからなぁ,Wed Feb 06 22:18:18 +0000 2019
199,いや寝るのこわすぎる,Wed Feb 06 22:17:38 +0000 2019
200,"おはようございます
おやすみなさい",Wed Feb 06 22:12:03 +0000 2019
201,喰種もufoが制作してれば神アニメになってたかもとか思ってる,Wed Feb 06 19:10:26 +0000 2019
202,制作 ufotable の安心感,Wed Feb 06 19:09:26 +0000 2019
203,"鬼滅の刃面白そう
全然ジャンプっぽくないね",Wed Feb 06 19:09:06 +0000 2019
204,正直明日の勉強何したらいいからわからん,Wed Feb 06 18:41:08 +0000 2019
205,標準語に変換する余裕がねえ,Wed Feb 06 05:11:01 +0000 2019
206,めっちゃ訛った気がする…,Wed Feb 06 05:10:45 +0000 2019
207,8時半まで寝る,Tue Feb 05 22:11:08 +0000 2019
208,統計憂鬱だなぁ,Tue Feb 05 21:50:12 +0000 2019
209,"徹夜したのにほとんど勉強してねぇ
何してたんだろ…",Tue Feb 05 21:49:43 +0000 2019
210,眠い、ラーメン食いたい,Tue Feb 05 19:55:19 +0000 2019
211,明日絶対オールすることになるから今日オールしとこかな,Tue Feb 05 16:33:19 +0000 2019
212,今からやる,Tue Feb 05 16:19:17 +0000 2019
213,中国語やばいかも,Tue Feb 05 16:19:09 +0000 2019
214,今日結局パワポつくっただけなんだが,Tue Feb 05 16:18:58 +0000 2019
215,@sparkling_hsy マジかｗ明日行きたくなくなってきたわ…,Tue Feb 05 15:03:43 +0000 2019
216,@sparkling_hsy 怖い顔ｗｗ,Tue Feb 05 14:58:28 +0000 2019
217,@sparkling_hsy 俺らの担任そういうの気にしないから大丈夫,Tue Feb 05 14:55:43 +0000 2019
218,"@sparkling_hsy 最後のスライドにバーッと載せたよ
まぁなくてもいいんじゃね？",Tue Feb 05 14:53:41 +0000 2019
219,@irizon_klis 乙ですな,Tue Feb 05 14:35:01 +0000 2019
220,@irizon_klis あれ、可能になってるんだ,Tue Feb 05 14:26:54 +0000 2019
221,@irizon_klis もうすぐ提出締切やぞ笑,Tue Feb 05 14:22:59 +0000 2019
222,@sparkling_hsy だよね、あざーす,Tue Feb 05 14:21:45 +0000 2019
223,@yntpass まぁなんでもいいと思うｗ,Tue Feb 05 11:53:14 +0000 2019
224,@yntpass 通常だと16:9になってた気がする,Tue Feb 05 11:09:07 +0000 2019
225,リテラシのパワポって4:3だっけ？,Tue Feb 05 04:51:25 +0000 2019
226,"@sparkling_hsy @yntpass マジか
ちょっとだけ仮眠とりますわ",Mon Feb 04 05:30:15 +0000 2019
227,@yntpass え、今どこかでやってる？笑,Mon Feb 04 05:28:08 +0000 2019
228,(月曜)中国語からの解放,Mon Feb 04 04:06:39 +0000 2019
229,中国語やろう,Sun Feb 03 22:45:42 +0000 2019
230,早く来すぎだろｗ,Sun Feb 03 22:45:30 +0000 2019
231,教室誰もいない,Sun Feb 03 22:45:14 +0000 2019
232,@irizon_klis なるほ,Sun Feb 03 22:44:54 +0000 2019
233,@yntpass あいよ,Sun Feb 03 21:23:54 +0000 2019
234,@yntpass 行こうぜー,Sun Feb 03 21:22:40 +0000 2019
235,今から寝るより1限の教室で寝た方が色々良さそう,Sun Feb 03 21:01:06 +0000 2019
236,オール,Sun Feb 03 20:56:09 +0000 2019
237,これ1限でるのきつすぎでは,Sun Feb 03 20:55:43 +0000 2019
238,"進撃はpvだけでも面白い
てか作画神すぎでは",Sun Feb 03 17:05:56 +0000 2019
239,魔剤が身体に染み渡るこの感覚…気持ちよすぎる,Sun Feb 03 16:42:24 +0000 2019
240,"@sparkling_hsy いくしかないっすねぇ
オールするか…",Sun Feb 03 16:35:04 +0000 2019
241,本日2本目の魔剤キメるかめちゃ迷ってる,Sun Feb 03 16:32:11 +0000 2019
242,明日英語ないのはほんまに救い,Sun Feb 03 16:27:04 +0000 2019
243,誰かと勉強したい、一人で勉強とかムリっす,Sun Feb 03 16:22:51 +0000 2019
244,あっ… 中国語……,Sun Feb 03 15:57:00 +0000 2019
245,リフレッシュ体操のシラバスじわる,Sun Feb 03 15:53:21 +0000 2019
246,リフレッシュ体操、異次元の動きができるらしい,Sun Feb 03 15:52:22 +0000 2019
247,"@irizon_klis 言うて下手だけど中学の時よくやってた
いりぞんもう決めたの？",Sun Feb 03 15:51:38 +0000 2019
248,体育、バスケ以外やりたいのあんまねぇ…,Sun Feb 03 15:48:19 +0000 2019
249,難易度もやってることも課題と同じくらいだった,Fri Feb 01 02:39:32 +0000 2019
250,プロ演オワオワリ,Fri Feb 01 02:39:13 +0000 2019
251,@sparkling_hsy ありよりのあり,Thu Jan 31 16:31:11 +0000 2019
252,"@sparkling_hsy いいね
3期の1話筑波山に登る回だから良いよ",Thu Jan 31 16:24:09 +0000 2019
253,@sparkling_hsy ヤマノススメもいいぞ,Thu Jan 31 16:18:12 +0000 2019
254,雪降ってるの興奮する,Thu Jan 31 13:58:02 +0000 2019
255,え、やばくね？(志恩 麺特盛 野菜1kg) https://t.co/jb1PxjPZiA,Fri Jan 25 09:38:08 +0000 2019
256,@sparkling_hsy さすがにねｗ,Wed Jan 23 00:49:22 +0000 2019
257,@sparkling_hsy それは草,Wed Jan 23 00:46:10 +0000 2019
258,@sparkling_hsy まだトイレいるの？ｗ,Wed Jan 23 00:45:16 +0000 2019
259,@sparkling_hsy 二限終了まで,Wed Jan 23 00:44:39 +0000 2019
260,クソ下手だけど楽しかった,Wed Jan 23 00:43:38 +0000 2019
261,マンガ書き終わったーｗ,Wed Jan 23 00:43:11 +0000 2019
262,レポートが漫画って斬新だなぁ,Tue Jan 22 23:51:09 +0000 2019
263,"@Fukukazu373 特に何も言ってなかったけど、課題用紙の例の値でやってみたらたまたま出来たってかんじかな
先生からのアナウンス待ちですね…",Mon Jan 21 08:06:22 +0000 2019
264,"@Fukukazu373 λ=1, 5にして出力ファイル名を ans_taskc.txt にすると一応提出できるよ
これは出題側のミスっぽい…",Mon Jan 21 08:00:22 +0000 2019
265,@irizon_klis あっ…(察し)ふーん,Mon Jan 21 07:32:26 +0000 2019
266,@magipoka_S94 意外とかまってちゃんで草,Mon Jan 21 07:30:59 +0000 2019
267,課題Dも何故か提出できないしやる気でねえ,Mon Jan 21 07:30:29 +0000 2019
268,@irizon_klis カスすぎて笑うしかない,Mon Jan 21 07:27:52 +0000 2019
269,@irizon_klis みんなでメールしましょう,Mon Jan 21 07:25:32 +0000 2019
270,@magipoka_S94 ワイも一応メールしとこかな(多分返信来ないけど),Mon Jan 21 07:25:21 +0000 2019
271,実行結果チェックシステムも例題通りにすると通るし何してんだってかんじ,Mon Jan 21 07:24:50 +0000 2019
272,いや、内容は変わってないけど課題用紙の例にあるように出力すると提出ができるという話,Mon Jan 21 07:22:50 +0000 2019
273,"@irizon_klis 内容は変わってないけど、課題の用紙にある通りに出力(λ=1, 5)すると提出できる",Mon Jan 21 07:22:09 +0000 2019
274,"課題C、λ=1,5 にして、出力ファイル名をans_taskc.txt にしたら提出できた
マジで課題の内容ちゃんとして",Mon Jan 21 07:19:57 +0000 2019
275,課題Cの内容がねじ曲がってるが…,Mon Jan 21 07:18:55 +0000 2019
276,@welt_meister_ @BunnyVanillaEX ほんDoはまだまだ若いよ(),Sun Jan 20 12:31:06 +0000 2019
277,@welt_meister_ @BunnyVanillaEX 行くしかないぞ,Sun Jan 20 12:27:05 +0000 2019
278,"二次だったら数学解きてえなぁ
英語は多分死んでそう",Sun Jan 20 12:25:05 +0000 2019
279,知能の低下具合いを確かめよう,Sun Jan 20 12:22:32 +0000 2019
280,明日か明後日あたりにセンター解くか〜？,Sun Jan 20 12:22:05 +0000 2019
281,"@BunnyVanillaEX おけ笑
また適当に連絡してくれ",Sun Jan 20 12:20:46 +0000 2019
282,"@BunnyVanillaEX ばちこり感じとってたぞ笑
何時から行くの？",Sun Jan 20 12:16:46 +0000 2019
283,@BunnyVanillaEX いいなぁー…,Sun Jan 20 12:13:13 +0000 2019
284,ゆ,Fri Jan 18 12:46:52 +0000 2019
285,"ノーマンが内田真礼ってマ？
一瞬目を疑ったわ…",Fri Jan 18 12:14:16 +0000 2019
286,ほとんどの科目名がトレンド入りしてるの、何事かと思ったらほとんど診断メーカーで草,Fri Jan 18 12:09:40 +0000 2019
287,@theeightballboi 楽しんでいくんだ！,Fri Jan 18 12:07:15 +0000 2019
288,センター今年はどんなネタなんだろね,Fri Jan 18 12:04:41 +0000 2019
289,センター受験者に何故か申し訳ないので英語の補講には行こうと思う,Fri Jan 18 04:09:41 +0000 2019
290,4クラ、マジでイカれてる奴多いがめっちゃ楽しい,Thu Jan 17 21:30:08 +0000 2019
291,"スマブラ→焼肉→カラオケ→スマブラ はマジで最高すぎた
そして今日から5連休だ",Thu Jan 17 21:27:59 +0000 2019
292,まねきねこから速攻でスマブラするの頭悪そう… https://t.co/iiOSWNQ5n3,Thu Jan 17 20:33:53 +0000 2019
293,帰ってからも約ネバと五等分の花嫁が見れる、これは爆アド,Thu Jan 17 19:19:24 +0000 2019
294,あと1時間や！,Thu Jan 17 18:56:26 +0000 2019
295,飛び跳ねる23歳,Thu Jan 17 17:24:29 +0000 2019
296,こんな生き生きとしたほんdoもう二度と見れなそう,Thu Jan 17 16:47:46 +0000 2019
297,"ほんdoの歌う仮面ライダーかっこいいな！
演歌聴いてる気分になる",Thu Jan 17 15:28:43 +0000 2019
298,大人数で来るカラオケも良いな,Thu Jan 17 15:23:01 +0000 2019
299,他人がボカロ歌ってるの聴くとテンションあがる,Thu Jan 17 15:21:45 +0000 2019
300,@fjord_ITF こんなとこにあったのか、サンクス,Thu Jan 17 15:09:11 +0000 2019
301,@fjord_ITF 落単率ってどうやってみるの？,Thu Jan 17 15:06:39 +0000 2019
302,まねき待機,Thu Jan 17 14:32:27 +0000 2019
303,もう肉食えねぇ…,Thu Jan 17 13:34:59 +0000 2019
304,@magipoka_S94 結果同じだから多分あってるっぽい,Thu Jan 17 11:24:01 +0000 2019
305,"@magipoka_S94 だよね
どんな結果でした？",Thu Jan 17 10:58:42 +0000 2019
306,@magipoka_S94 課題Dって課題の用紙と実行結果あってた？,Thu Jan 17 10:54:07 +0000 2019
307,@welt_meister_ @BunnyVanillaEX @sparkling_hsy イエス,Thu Jan 17 08:13:36 +0000 2019
308,@BunnyVanillaEX @welt_meister_ @sparkling_hsy りょーかいっす,Thu Jan 17 08:07:37 +0000 2019
309,@sparkling_hsy @BunnyVanillaEX @welt_meister_ おけ、待ってるね,Thu Jan 17 08:07:18 +0000 2019
310,@BunnyVanillaEX @welt_meister_ @sparkling_hsy 8時頃までに宿舎きてくれればええけど、何時頃来れそう？,Thu Jan 17 08:05:14 +0000 2019
311,"@welt_meister_ @sparkling_hsy 8時半くらいかな
とりあえず来れそうな時間分かれば連絡ちょーだい",Thu Jan 17 08:01:36 +0000 2019
312,@sparkling_hsy @welt_meister_ 今日はお祝いだ！,Thu Jan 17 08:00:22 +0000 2019
313,"@welt_meister_ @sparkling_hsy それなｗ
今晩ちゃんと来いよーｗ",Thu Jan 17 07:57:35 +0000 2019
314,@sparkling_hsy 了解致した,Thu Jan 17 07:52:13 +0000 2019
315,@welt_meister_ @sparkling_hsy 賢すぎだろ！！,Thu Jan 17 07:51:51 +0000 2019
316,"@sparkling_hsy 草
飯誘いまくるわ笑",Thu Jan 17 07:50:09 +0000 2019
317,"@sparkling_hsy おめでとう！
でもklisからいなくなるの寂しいなぁ…",Thu Jan 17 07:47:18 +0000 2019
318,@magipoka_S94 出力結果って課題の用紙に書いてある通りになった？？,Thu Jan 17 05:36:12 +0000 2019
319,落単なかったよかった,Thu Jan 17 03:53:28 +0000 2019
320,twins入れなくて草,Thu Jan 17 03:42:04 +0000 2019
321,成績開示までがんばって起きてよ,Thu Jan 17 02:49:55 +0000 2019
322,課題D結果合わねぇなぁ,Thu Jan 17 02:46:59 +0000 2019
323,ワイルドロックしてきた https://t.co/7vJm9TXfCA,Wed Jan 16 09:08:03 +0000 2019
324,"@yntpass 今日は天地行きたい気分笑
ちゃんと来いよー笑",Tue Jan 15 02:07:09 +0000 2019
325,"@yntpass いや来いよ笑笑
今日ラーメン食いに行きたいし笑",Tue Jan 15 01:49:52 +0000 2019
326,朝からこの人の声とテンションは疲れる,Tue Jan 15 00:12:34 +0000 2019
327,エラーでた…,Tue Jan 15 00:03:42 +0000 2019
328,@yntpass 3限来るの？,Mon Jan 14 23:42:32 +0000 2019
329,ゆ,Mon Jan 14 04:24:47 +0000 2019
330,"@irizon_klis 割と時間かかったで
まぁやるの忘れずにね",Sun Jan 13 11:15:23 +0000 2019
331,@irizon_klis モリスの課題の方がめんどいぞ,Sun Jan 13 11:12:03 +0000 2019
332,"@irizon_klis チョロい、Bとやってること変わらんよ
jsonファイルの扱い方がちょっと分かりずらいくらいかな",Sun Jan 13 11:09:49 +0000 2019
333,統計まだなんもやってへんけど大丈夫ですかね,Sun Jan 13 11:05:57 +0000 2019
334,課題C終わったけど提出まだっぽいね,Sun Jan 13 11:04:28 +0000 2019
335,統計は明日やろう,Sat Jan 12 09:04:52 +0000 2019
336,課題B終わって一安心,Sat Jan 12 09:04:38 +0000 2019
337,"@fjord_ITF ファイル名色々いじってたらできたw
あざすあざす",Sat Jan 12 09:03:53 +0000 2019
338,"@magipoka_S94 あ、できたw
b大文字にしてたからダメやったんかな？
とりあえずありがとう！",Sat Jan 12 09:03:13 +0000 2019
339,@magipoka_S94 実行結果合ってるのに提出できないんだけど…,Sat Jan 12 08:43:23 +0000 2019
340,@fjord_ITF プロ演の課題Bって提出できてる？,Sat Jan 12 08:27:26 +0000 2019
341,課題B提出できねぇ……,Sat Jan 12 07:08:09 +0000 2019
342,@welt_meister_ でれししし,Wed Jan 09 03:44:08 +0000 2019
343,@BunnyVanillaEX 期待してるぜ！笑,Mon Jan 07 06:21:37 +0000 2019
344,"@BunnyVanillaEX 3限休講だったからしゃーない
てかばにばに総合やばくね？笑",Mon Jan 07 06:11:24 +0000 2019
345,英語ブッチしちゃった次からはでる,Mon Jan 07 06:02:56 +0000 2019
346,@irizon_klis すまん、帰っちゃった,Mon Jan 07 06:00:24 +0000 2019
347,書くのつかれたー,Mon Jan 07 01:27:49 +0000 2019
348,中国語休講イイネ,Mon Jan 07 01:13:09 +0000 2019
349,@welt_meister_ うい,Mon Jan 07 00:03:10 +0000 2019
350,@welt_meister_ 天才だなｗ,Mon Jan 07 00:02:04 +0000 2019
351,@welt_meister_ せめて間違うなら3Aだろ…ｗｗ https://t.co/EwhcCzrodb,Mon Jan 07 00:00:10 +0000 2019
352,授業してるのに人歩きすぎだろｗｗ,Sun Jan 06 23:57:30 +0000 2019
353,@welt_meister_ 2H201やよー,Sun Jan 06 23:56:32 +0000 2019
354,@welt_meister_ いや経済やってないぞｗｗ,Sun Jan 06 23:55:41 +0000 2019
355,コンテンツめっちゃ人いるな,Sun Jan 06 23:50:24 +0000 2019
356,@irizon_klis 草,Sun Jan 06 13:51:54 +0000 2019
357,"@irizon_klis さすがにしないよw
明日治療がんばってね",Sun Jan 06 13:50:24 +0000 2019
358,"@irizon_klis 図星どうこうよりも、他人を批判して上に立とうとするな
さすがにちょっと傷ついた、もうﾘｽｶする…",Sun Jan 06 13:43:58 +0000 2019
359,irizonは俺を煽ることで自尊心を保つな,Sun Jan 06 13:37:00 +0000 2019
360,@irizon_klis @sparkling_hsy 6時頃つくばに着く予定やで,Sun Jan 06 06:41:14 +0000 2019
361,@irizon_klis @sparkling_hsy ぐっ…,Sun Jan 06 06:39:18 +0000 2019
362,@sparkling_hsy Fateはばちこり見たんでねぇ,Sun Jan 06 06:39:00 +0000 2019
363,@irizon_klis @sparkling_hsy これは自分で書いて草生えたw,Sun Jan 06 06:38:03 +0000 2019
364,"@sparkling_hsy 暇なんで長文いきます？

ubw→ZEROが一番世界観わかりやすいかも
ネタバレくらいたくないならZERO→ubw
そのあとにApocrypha(これはおもろい)、プリズマイリヤ、Exとか別の世界線の… https://t.co/HgsfG2bvtR",Sun Jan 06 06:35:48 +0000 2019
365,新幹線はやっぱ予約すべきなんやなあ,Sun Jan 06 06:18:58 +0000 2019
366,名古屋から東京まで立ちっぱなしとかマ？,Sun Jan 06 06:18:40 +0000 2019
367,指定席ないやん、オワタ,Sun Jan 06 06:04:20 +0000 2019
368,@irizon_klis おめー,Sun Jan 06 05:44:42 +0000 2019
369,"電車でおっさんに寄りかかられてる
人生辛い。",Sun Jan 06 05:37:40 +0000 2019
370,秋cは火曜が全休だからまだ希望がある、はず…,Sat Jan 05 20:27:40 +0000 2019
371,こっちの垢久しぶりに見たな,Sat Jan 05 20:26:19 +0000 2019
372,今日つくば帰るけどなんも準備してへんから割とヤバめ,Sat Jan 05 20:25:52 +0000 2019
373,@BunnyVanillaEX おめでとー！,Sat Jan 05 19:22:00 +0000 2019
374,@BunnyVanillaEX また一緒に食いに行こーぜ,Sat Dec 29 08:26:33 +0000 2018
375,東京に慣れてなさすぎて東京駅で降りられない,Wed Dec 26 08:02:56 +0000 2018
376,5時に名古屋駅で友達と待ち合わせてるのにまだ品川にいるんだが,Wed Dec 26 08:02:33 +0000 2018
377,"@welt_meister_ そゆことねw
なんとなく理解したw",Wed Dec 26 04:29:27 +0000 2018
378,"関東にいると関西出身アピールをして
関西に帰ると関東に住んでるアピールをする",Wed Dec 26 04:25:39 +0000 2018
379,ばにらが完璧な標準語なのマジで謎なんだが笑,Wed Dec 26 04:23:17 +0000 2018
380,茨城弁はカオスすぎて笑ったw https://t.co/1KDcOpzlEJ,Wed Dec 26 04:21:55 +0000 2018
381,方言の話はいつしてもおもろいよね,Wed Dec 26 04:20:48 +0000 2018
382,嘘で塗り固められたフィットネスのレポートだしといてよかったわ,Wed Dec 26 04:19:40 +0000 2018
383,もこうの歌ってみたマジですこ,Wed Dec 26 01:13:55 +0000 2018
384,もこうのLemon感動した,Wed Dec 26 01:13:17 +0000 2018
385,@BunnyVanillaEX うん、一応聞いてみるのがよき,Wed Dec 26 01:05:56 +0000 2018
386,"@BunnyVanillaEX うん、でも2限終わってからも出席とるらしいよ
なんか今いる人は加点だからラッキーとかなんとか言ってたけど落単確定かどうかはちょっとわからん",Wed Dec 26 01:03:17 +0000 2018
387,統計必修じゃん…,Wed Dec 26 00:40:50 +0000 2018
388,ばにばにリーチだしやばくね,Wed Dec 26 00:38:51 +0000 2018
389,おい！統計1限目も出席とるらしいぞ！,Wed Dec 26 00:37:56 +0000 2018
390,内容を減らせ定期,Wed Dec 26 00:08:19 +0000 2018
391,？？？「授業内容は多いですが、早く進行することはないですし、最後まで終わるとは限りません。」,Wed Dec 26 00:08:03 +0000 2018
392,manabaログインできた,Tue Dec 25 23:51:26 +0000 2018
393,毎回生徒にダメだしすることから始まる統計,Tue Dec 25 23:49:53 +0000 2018
394,フィットネスのレポートやろ,Tue Dec 25 23:47:33 +0000 2018
395,manaba落ちてんのか,Tue Dec 25 23:38:29 +0000 2018
396,@theeightballboi せやね,Tue Dec 25 21:28:28 +0000 2018
397,@theeightballboi 体育と総合Ⅰ(自由単でとったやつ)のレポートだよ,Tue Dec 25 21:26:12 +0000 2018
398,"うわー寝落ちしてた泣
今日帰省するためにレポート終わらせないと…",Tue Dec 25 21:09:39 +0000 2018
399,オムライス、字数とかの指定はないよ,Tue Dec 25 17:27:12 +0000 2018
400,オムライス講座書くことねぇ〜〜,Tue Dec 25 15:42:12 +0000 2018
401,クリスマス仕様終わり,Tue Dec 25 15:42:01 +0000 2018
402,4クラ男子で焼肉だぁぁぁ！！！！ https://t.co/8llVBYRkWK,Tue Dec 25 09:12:29 +0000 2018
403,@welt_meister_ 乙ですな,Tue Dec 25 08:25:27 +0000 2018
404,@welt_meister_ 3問選んだ時点でオワリって授業中に言ってたらしいよｗ,Tue Dec 25 08:19:43 +0000 2018
405,"@welt_meister_ それは草
途中で気づけよw",Tue Dec 25 06:25:21 +0000 2018
406,なるほ,Tue Dec 25 06:24:44 +0000 2018
407,まぁ勉強できるからいいけど…,Tue Dec 25 06:23:59 +0000 2018
408,え、5限って普通に授業なの？,Tue Dec 25 06:22:18 +0000 2018
409,@welt_meister_ てか4つ全部書けたの逆にすごいなw,Tue Dec 25 05:19:20 +0000 2018
410,@welt_meister_ それ普通にまずくね？笑,Tue Dec 25 05:16:01 +0000 2018
411,"哲学1,2安定だな",Tue Dec 25 03:58:08 +0000 2018
412,起きた、死ぬほど眠い,Tue Dec 25 02:12:09 +0000 2018
413,"今から寝るのこわすぎる…
絶起したら落単じゃん",Mon Dec 24 22:23:24 +0000 2018
414,なんでいつもこんなギリギリの戦いをしているのか,Mon Dec 24 21:05:39 +0000 2018
415,ミンティア砕いて鼻から吸うのもあり,Mon Dec 24 21:05:22 +0000 2018
416,普通に考えて両方6割以上をとるのは無理じゃ,Mon Dec 24 19:35:58 +0000 2018
417,寝ようとしたけど明日の俺に託すのはやっぱこわくて勉強を続ける,Mon Dec 24 19:23:49 +0000 2018
418,明日の哲学は12時集合だからみんなギリギリに着いちゃダメだよ,Mon Dec 24 15:08:25 +0000 2018
419,"はい、メリクリ
サンタさん、単位ください。",Mon Dec 24 15:03:29 +0000 2018
420,@winps1925 みんなこの2問は捨ててるしさすがにでないでしょ笑(盛大なフラグ),Mon Dec 24 15:01:23 +0000 2018
421,"哲学の試験問題は
10
8
1
7
です。
#哲学試験問題ガチャ
https://t.co/FwZbHvVZ4D
1、7でギリ単位がくるかも
結構きつい",Mon Dec 24 14:59:08 +0000 2018
422,4番と10番が同時にでるフラグ,Mon Dec 24 14:54:00 +0000 2018
423,哲学の問題についてあんまり言うとフラグになりそうでこわい,Mon Dec 24 14:53:37 +0000 2018
424,@yntpass これは賭けだわ,Mon Dec 24 14:51:15 +0000 2018
425,@yntpass 出る問題はクジかなんかでランダムに決めるらしいぞい,Mon Dec 24 14:49:50 +0000 2018
426,6はよくわかんないけどある程度の部分点は確保出来そう,Mon Dec 24 14:49:13 +0000 2018
427,"@yntpass それな笑
最悪のケースは、4,5,9,10",Mon Dec 24 14:48:03 +0000 2018
428,明日徹夜で体育と総合Iのレポートやらなあかんの鬱すぎる,Mon Dec 24 14:47:07 +0000 2018
429,"哲学、1,2,3,6でお願いします。",Mon Dec 24 14:45:29 +0000 2018
430,"見事なクリスマスツリーだ
…ん？ https://t.co/KMW5TxGPy7",Mon Dec 24 10:17:58 +0000 2018
431,クリスマスにテストあるのも年々慣れてくるものなのかなぁ,Mon Dec 24 10:09:17 +0000 2018
432,アイコンを[サンタ帽]でデコりました。 #サンタ帽 #iconDecotter https://t.co/UymSunCIMs,Mon Dec 24 09:59:27 +0000 2018
433,"哲学もシス概も単位取れないと思う
問題は俺、俺なんだよ…",Mon Dec 24 07:38:32 +0000 2018
434,授業で言ったことしかダメって言われてるらしいけどそれキツすぎるしまず意味がわからん,Sun Dec 23 22:56:35 +0000 2018
435,徹夜のおかげで哲学の課題書けたけど合ってるかと言われれば多分ほとんど合ってない,Sun Dec 23 22:55:22 +0000 2018
436,今日1日何やったかの記憶がない…,Sun Dec 23 17:40:35 +0000 2018
437,哲学やってるけど全然終わらなくて焦る,Sun Dec 23 17:39:49 +0000 2018
438,もう疲れた,Sun Dec 23 16:15:45 +0000 2018
439,"あ〜 魂の想起してぇ〜
アナムネーシスしてぇよ〜",Sun Dec 23 16:15:37 +0000 2018
440,"@sparkling_hsy それな笑
これ共感できるのはめっちゃ嬉しい
このop俺何回見たかわかんないからな笑",Sun Dec 23 15:36:18 +0000 2018
441,"@sparkling_hsy めっっちゃわかる
サビの入り方が神
あと最後の手をポンポンするとこもすこ",Sun Dec 23 15:24:39 +0000 2018
442,来週ないのは辛いなぁ,Sat Dec 22 15:52:25 +0000 2018
443,SAO毎回ホンマに引き込まれる,Sat Dec 22 15:52:00 +0000 2018
444,@welt_meister_ まあこれまでの流れ的にklisの授業だからお察しだけど…,Fri Dec 21 20:04:26 +0000 2018
445,"@welt_meister_ まぁ確かに、成長はしそうだね
単位はでなそうだけどw",Fri Dec 21 18:42:57 +0000 2018
446,"レポート15枚とか聞いたしやばそう
知らんけど",Fri Dec 21 17:57:17 +0000 2018
447,数学はやりたいけどきそすーBはさすがにきつい気がするなあ,Fri Dec 21 17:56:10 +0000 2018
448,@yntpass @BunnyVanillaEX 2時からにする？？,Fri Dec 21 17:53:55 +0000 2018
449,@yntpass @BunnyVanillaEX 今から寝ても無理そう？,Fri Dec 21 17:48:21 +0000 2018
450,"ばにらがシス概の先生まだ見たことないって話面白すぎる
もう授業終わってるぞ",Fri Dec 21 17:45:24 +0000 2018
451,哲学とシス概明日からやらないと…,Fri Dec 21 17:42:40 +0000 2018
452,"@BunnyVanillaEX めっちゃガチじゃんw
哲学は君にかかってるぞ！！",Fri Dec 21 17:39:27 +0000 2018
453,カタンいいなー,Fri Dec 21 15:06:39 +0000 2018
454,総合抽選で4連勝してる,Fri Dec 21 05:03:23 +0000 2018
455,秋Cの総合勝ち申した,Fri Dec 21 05:01:37 +0000 2018
456,絶対終わんないじゃん,Fri Dec 21 02:40:16 +0000 2018
457,プロ演鬼畜すぎるだろw,Fri Dec 21 02:40:03 +0000 2018
458,@yeah_yeah_890 まぁ一応褒め言葉であったりなかったり…,Thu Dec 20 17:54:21 +0000 2018
459,@yeah_yeah_890 それ以外に君のことを表せない定期,Thu Dec 20 17:52:12 +0000 2018
460,そういえば今日たまたま見た掲示板に大麻クッキーって書いてあってワロてた,Thu Dec 20 17:47:03 +0000 2018
461,"@welt_meister_ 名前ガタマっさんになってるじゃねーかw
ラーメン残すのは犯罪ですよ？",Thu Dec 20 17:41:22 +0000 2018
462,"中の人今わかった
これやべーやつじゃん…",Thu Dec 20 17:39:59 +0000 2018
463,明日はぷよ🔥あるし早めに寝よ,Thu Dec 20 17:39:15 +0000 2018
464,これなんだよなあ(適当) https://t.co/qRbzjwH1G4,Thu Dec 20 17:36:57 +0000 2018
465,@welt_meister_ ガタイマックスはさすがに草だわw,Thu Dec 20 17:32:19 +0000 2018
466,ほんdoおじさんと松のや来た,Thu Dec 20 15:55:04 +0000 2018
467,@irizon_klis 結局行くの？,Mon Dec 17 23:10:53 +0000 2018
468,これだから宿舎はダメだ…,Mon Dec 17 10:27:41 +0000 2018
469,使えって言っても使わないし色々ヤバそう,Mon Dec 17 10:27:24 +0000 2018
470,まな板使わず野菜切ってる奴いるんだが…,Mon Dec 17 10:27:04 +0000 2018
471,でも勝負は5.6限なんだよなあ,Mon Dec 17 02:04:21 +0000 2018
472,総合両方単位とれたっぽい,Mon Dec 17 02:04:01 +0000 2018
473,@yntpass おけ笑,Mon Dec 17 00:31:23 +0000 2018
474,@yntpass 大丈夫か？？,Mon Dec 17 00:28:33 +0000 2018
475,雨の中3学まで行くとか何の冗談ですか,Sun Dec 16 23:13:41 +0000 2018
476,なぜ徹夜したのか自分でもわからん…,Sun Dec 16 23:12:26 +0000 2018
477,世界経済史のテス勉を今始めたことで、自分がやばすぎる状況にあることを悟る,Sun Dec 16 21:42:01 +0000 2018
478,この時間のTLをもう少し加速させたいからまた今度自発大会でもするか,Sun Dec 16 19:00:02 +0000 2018
479,"なるほど
しかし計画的な復習を出来ない系男子なので来年の僕は死んでそう",Sun Dec 16 18:51:59 +0000 2018
480,klis17のパイセン方みんなテスト大変そうだなあ,Sun Dec 16 18:48:39 +0000 2018
481,1億円のポセイドン,Sun Dec 16 18:00:51 +0000 2018
482,シャドバの世界大会見て興奮してた,Sun Dec 16 18:00:39 +0000 2018
483,3時から勉強するね,Sun Dec 16 17:43:03 +0000 2018
484,明日1限ないから余裕かましてる,Sun Dec 16 16:53:21 +0000 2018
485,教授に20行くらいのメールしたら一言で返されてなんか悲しい,Sun Dec 16 16:52:37 +0000 2018
486,スポーツ技術を だ。,Sun Dec 16 16:44:59 +0000 2018
487,スポーツ技術が〜 は明日ないよ,Sun Dec 16 16:44:31 +0000 2018
488,龍郎着弾,Sun Dec 16 11:25:28 +0000 2018
489,月2の生活になんとかみたいな授業のテス勉ができん,Sun Dec 16 08:43:16 +0000 2018
490,オムニバス形式の講義のテストってどんなかんじででるんや,Sun Dec 16 08:42:33 +0000 2018
491,"MHWにG級でるのか
アプデされたらまた始めるのはあり",Sat Dec 15 19:25:55 +0000 2018
492,夏っぽいボカロ曲は多いけど、冬っぽいやつって何かあるっけ,Sat Dec 15 04:12:47 +0000 2018
493,"@ITF_bres17 めっちゃ安いし条件もいいですw
わざわざあざす！！",Sat Dec 15 03:23:46 +0000 2018
494,Twitterで物件情報を教えてくれる優しい世界,Sat Dec 15 03:08:59 +0000 2018
495,なんか2ヶ月くらい新居探ししてんじゃね？俺,Sat Dec 15 03:06:09 +0000 2018
496,やはり 安さ＜住みやすさ か。,Sat Dec 15 03:05:21 +0000 2018
497,"@ITF_bres17 共益費込みですね
んー、5万超えで探してみます！",Sat Dec 15 03:04:33 +0000 2018
498,@irizon_klis うん,Sat Dec 15 02:59:28 +0000 2018
499,@ITF_bres17 できれば5万以内がいいんですけど、やっぱり今の時期だと厳しいですかね…,Sat Dec 15 02:58:53 +0000 2018
500,@irizon_klis 上の階からドンドンって音しない,Sat Dec 15 02:58:08 +0000 2018
501,6畳かー…うーん…,Sat Dec 15 02:56:09 +0000 2018
502,鉄筋、最上階、風呂トイレ別って条件だから物件がほんとに少ない,Sat Dec 15 02:55:36 +0000 2018
503,新居をいざ契約しようと思うと宿舎でよくね？ってなっちゃう,Sat Dec 15 02:53:46 +0000 2018
504,みんな転スラ見ようね,Fri Dec 14 16:37:45 +0000 2018
505,リムルが好きすぎてアイコンが変わった,Fri Dec 14 16:37:04 +0000 2018
506,しょーもな実習にちかいものを感じる,Thu Dec 13 08:02:13 +0000 2018
507,英語の選択肢全て暗記マン,Thu Dec 13 02:09:13 +0000 2018
508,今から英語やるかー…,Wed Dec 12 20:29:06 +0000 2018
509,寝落ちだけはダメって思い続けてたら寝落ちしてた,Wed Dec 12 20:28:51 +0000 2018
510,@yntpass それ、統計の本質、面白さを少しでも教えてほしいねえ,Wed Dec 12 02:09:28 +0000 2018
511,"@yntpass 今回はマジでひどいよ
授業の進行の仕方がやばい笑",Wed Dec 12 02:02:16 +0000 2018
512,統計ときそすーは先生変えるべきでは？と思ってしまう,Wed Dec 12 01:58:12 +0000 2018
513,統計、式の説明ばっかでマジでつまらん,Wed Dec 12 01:53:26 +0000 2018
514,今来るやつ天才すぎる,Tue Dec 11 00:39:11 +0000 2018
515,@BunnyVanillaEX 草,Sun Dec 09 22:14:08 +0000 2018
516,スマブラで徹夜してから徹夜耐性がついてる,Sun Dec 09 22:13:16 +0000 2018
517,@BunnyVanillaEX 春休み大変そうやなぁ,Sun Dec 09 22:12:56 +0000 2018
518,中国語単語しか覚えてない(覚えれてない)からやばい,Sun Dec 09 22:11:39 +0000 2018
519,@BunnyVanillaEX 英語？,Sun Dec 09 22:11:09 +0000 2018
520,CPにメテオキメられたら画面ぶち壊しそうになる,Sun Dec 09 19:44:39 +0000 2018
521,SAO食わず嫌いしてたけどやっぱり神アニメですわ,Sun Dec 09 18:45:49 +0000 2018
522,アリシゼーション10話が衝撃的すぎてヤバみ,Sun Dec 09 18:45:10 +0000 2018
523,スマブラのしすぎで明日の中国語のテストがやばい…,Sun Dec 09 17:25:32 +0000 2018
524,"@kota35292486 @YouTube 曲のセンスと編集が🙆
君とはうまい酒が飲めそうだ",Sat Dec 08 17:22:54 +0000 2018
525,@BunnyVanillaEX ほんまそれ,Sat Dec 08 16:35:04 +0000 2018
526,"@BunnyVanillaEX それ笑
1ヶ月くらいしたらまた安くなるかもやからそれまで我慢するか正規品じゃないやつを買うか",Sat Dec 08 16:33:14 +0000 2018
527,おたふくソースって関東にもあるんやな,Sat Dec 08 16:29:32 +0000 2018
528,@BunnyVanillaEX 正規品だと定価2700円なのにAmazonの最安で6000円超えてるww,Sat Dec 08 16:27:23 +0000 2018
529,スマブラ今作はエンジョイよりもガチ勢向けっぽいイメージ,Sat Dec 08 16:24:42 +0000 2018
530,GCコンのタップ、Amazonでも届くの2週間後とかなんですが…,Sat Dec 08 16:23:50 +0000 2018
531,対よろ。 https://t.co/IxTP14b1fm,Sat Dec 08 14:11:34 +0000 2018
532,@irizon_klis とりあえずよさげなの注文してみるね,Fri Dec 07 05:23:59 +0000 2018
533,@irizon_klis マ？ニンテンドーの正規品買った方がいいかんじ？,Fri Dec 07 05:21:50 +0000 2018
534,Amazonで買うかー,Fri Dec 07 05:17:28 +0000 2018
535,SwitchのGCコンの接続タップがどこにもない泣,Fri Dec 07 05:17:05 +0000 2018
536,サムスめっちゃ強いんだが,Thu Dec 06 23:18:07 +0000 2018
537,やなぎだとスマブラしてマジで一睡もしてない,Thu Dec 06 23:15:55 +0000 2018
538,スマブラのダウンロードが始まらねえ！！,Thu Dec 06 16:42:35 +0000 2018
539,この3日で龍郎→むじゃき→天地の最強ムーブキメたぜ,Thu Dec 06 12:56:38 +0000 2018
540,スライドみて思わず笑ってしまった,Thu Dec 06 08:07:59 +0000 2018
541,@winps1925 だよね、あざすあざす,Thu Dec 06 02:39:13 +0000 2018
542,英語C1今日テストじゃないよね…？,Thu Dec 06 02:07:10 +0000 2018
543,はじかれまくって死ぬかと思ったよ,Wed Dec 05 16:19:38 +0000 2018
544,プロ演やっと終わった…,Wed Dec 05 16:19:28 +0000 2018
545,"@yntpass ワロタww
そのままちゃんと1限来いよーw",Tue Dec 04 21:07:51 +0000 2018
546,"@yntpass 今から授業中に配られた紙に書き直さないといけない…
てかやなぎだなんで起きてんだよww",Tue Dec 04 20:47:36 +0000 2018
547,"@yntpass 寝落ちして今目覚めたわw
全然寝た気しないからきつい",Tue Dec 04 20:44:23 +0000 2018
548,"リテラシやっと終わったー
ベッド気持ちいい寝そう",Tue Dec 04 16:21:43 +0000 2018
549,暗い中春日でポケカやってる(リテラシ終わってない) https://t.co/ubIKaw2Jfn,Tue Dec 04 13:16:57 +0000 2018
550,哲学の時間みんなリテラシしてそう,Tue Dec 04 03:24:36 +0000 2018
551,@__yuki_san__ 今の2階は絶対来るwww,Mon Dec 03 13:11:10 +0000 2018
552,@__yuki_san__ 5階でやってるからギリゼーフですね,Mon Dec 03 12:31:05 +0000 2018
553,宿舎で鍋や！！！！！ https://t.co/zKMSiHiPvi,Mon Dec 03 12:15:28 +0000 2018
554,@yntpass はいよー,Sun Dec 02 14:25:45 +0000 2018
555,@yntpass 1限一緒に行こや,Sun Dec 02 14:18:05 +0000 2018
556,図書館来たけどやる気でないから帰る,Sun Dec 02 04:39:08 +0000 2018
557,休日4日返上はきついぜ,Sun Dec 02 04:37:46 +0000 2018
558,集中講義オワリ,Sun Dec 02 04:37:20 +0000 2018
559,ラーメン食べたい,Fri Nov 30 17:36:16 +0000 2018
560,スマブラまで待てずに買っちゃった https://t.co/3HVRptrOLg,Fri Nov 30 14:20:04 +0000 2018
561,カラオケオールなんて軽々しく口にするもんじゃないな,Thu Nov 29 19:52:58 +0000 2018
562,ZOZOのバイト、後半の2時間半くらい仕事無くてめっちゃ楽だった,Thu Nov 29 13:22:06 +0000 2018
563,@__yuki_san__ もし行ったらどんなだったか教えてくれい,Thu Nov 29 10:34:33 +0000 2018
564,@irizon_klis 行ってないのかよww,Thu Nov 29 10:34:06 +0000 2018
565,@__yuki_san__ いいなー,Thu Nov 29 06:41:29 +0000 2018
566,@irizon_klis え、いりぞん行ったの？,Thu Nov 29 06:40:40 +0000 2018
567,休みました。,Thu Nov 29 06:27:57 +0000 2018
568,3、4限の補講行くか迷ってる,Thu Nov 29 03:12:24 +0000 2018
569,今日はいまーすw,Tue Nov 27 05:42:39 +0000 2018
570,全員名前呼ぶの草生えるんだが,Tue Nov 27 05:42:25 +0000 2018
571,哲学の出席けっこうゆるくてよかった,Tue Nov 27 03:29:44 +0000 2018
572,地震きたし今からでも帰ろうかな,Mon Nov 26 23:36:41 +0000 2018
573,"法制度絶対テストないな
人数の少なさで悟った",Mon Nov 26 23:36:08 +0000 2018
574,やべーだろこれ,Mon Nov 26 23:34:45 +0000 2018
575,みんなリアクション薄くね,Mon Nov 26 23:34:36 +0000 2018
576,コン応受けてる人の長文考察ツイートを読みたい,Mon Nov 26 06:36:13 +0000 2018
577,あー抽選落ちたのマジで悔やむ,Mon Nov 26 06:23:22 +0000 2018
578,潜りたいけど5、6限あるしなぁ,Mon Nov 26 06:22:50 +0000 2018
579,ぼくりりとかめっちゃ潜りたい,Mon Nov 26 06:18:03 +0000 2018
580,@BunnyVanillaEX かわりにやなぎだが絶起してる…,Sun Nov 25 23:45:15 +0000 2018
581,月1最終レポートなし歓喜,Sun Nov 25 23:44:12 +0000 2018
582,おはよう月曜日,Sun Nov 25 22:41:43 +0000 2018
583,家賃安いし立地もなかなかいいから候補にいれますあざす,Sun Nov 25 10:03:07 +0000 2018
584,"鉄筋でも聞こえるのか
それはさすがに我慢するしかないか…",Sun Nov 25 09:58:11 +0000 2018
585,@kota35292486 やだよ顔覚えられちゃう,Sun Nov 25 09:57:23 +0000 2018
586,"その物件どこですか…？
私、気になります！",Sun Nov 25 09:56:58 +0000 2018
587,"@BunnyVanillaEX それもう毎日ラーメン食えるじゃん
やっぱ君は天才だな…",Sun Nov 25 09:55:03 +0000 2018
588,@kota35292486 それもう人権なさそう笑,Sun Nov 25 09:54:35 +0000 2018
589,"やっぱ鉄筋コンクリート造がいいなあ
鉄骨だと隣の部屋の音とか聞こえそうだし",Sun Nov 25 09:53:34 +0000 2018
590,@kota35292486 なるほど,Sun Nov 25 09:52:00 +0000 2018
591,@__yuki_san__ なんでやねん笑笑,Sun Nov 25 09:50:34 +0000 2018
592,信号多すぎて遅刻しそう,Sun Nov 25 09:48:40 +0000 2018
593,"@kota35292486 春1もありではあるけどなあ
ほそやんもう決めたの？",Sun Nov 25 09:47:03 +0000 2018
594,最近脱獄した人みんな春3行ってるっぽい,Sun Nov 25 09:45:41 +0000 2018
595,やはり春2か春3か,Sun Nov 25 09:40:58 +0000 2018
596,@yntpass 最悪明日の1限にするから大丈夫笑,Sun Nov 25 09:32:02 +0000 2018
597,年内に脱獄したいよマジで,Sun Nov 25 09:31:30 +0000 2018
598,いい物件あるけどだいたい春4か天4,Sun Nov 25 09:31:03 +0000 2018
599,@yntpass 見にくいけど第10課小テストって書いてあるしそういうことじゃね？ https://t.co/4AZraTIUuM,Sun Nov 25 09:29:45 +0000 2018
600,今週ラーメン5回も食いに行ってるとかそろそろやばい,Sun Nov 25 09:28:17 +0000 2018
601,"久々活龍
マジで美味い https://t.co/0a9YBRiyTv",Sun Nov 25 09:03:55 +0000 2018
602,"天3の麺 the Tokyoってとこ行ってきた
まぜそばウマウマー https://t.co/5FXKLE1q7g",Sat Nov 24 03:07:27 +0000 2018
603,"@yntpass 生涯学習論って言う教育学類の授業だよ〜
割と内容面白い笑",Sat Nov 24 03:04:44 +0000 2018
604,集中2日目〜,Sat Nov 24 01:13:05 +0000 2018
605,"初 盛清六だ！
ノリで来ちゃった https://t.co/C46RSksHcc",Fri Nov 23 14:56:53 +0000 2018
606,"駒場祭いいなー
なんで俺は今講義を受けてるんだ…",Fri Nov 23 05:34:33 +0000 2018
607,日曜しか休みない,Fri Nov 23 03:28:56 +0000 2018
608,集中講義で三連休が潰れるの虚しいなぁ…,Fri Nov 23 03:28:18 +0000 2018
609,今回の講義なんも聞いてなかった出席票書くことない,Thu Nov 22 08:53:02 +0000 2018
610,@yntpass そうか…お前のことは忘れねえぜ,Thu Nov 22 08:17:14 +0000 2018
611,"@BunnyVanillaEX 完全にニートで草
俺もたまには利用してみるね笑笑",Thu Nov 22 08:16:24 +0000 2018
612,"@BunnyVanillaEX ワロタw
ニートになっちゃうぞw",Thu Nov 22 08:11:28 +0000 2018
613,@yntpass メールが送れてなかったとかかもしれないし、なんとかなるといいけどね…,Thu Nov 22 08:10:07 +0000 2018
614,"@irizon_klis @BunnyVanillaEX ばにらいつもAmazon来てるなw
俺も来週でよろしいぞ",Thu Nov 22 08:07:19 +0000 2018
615,今日の講義、自分語りがすぎるぞ,Thu Nov 22 08:06:12 +0000 2018
616,"@BunnyVanillaEX @irizon_klis 開店凸はできないかも…
6時半くらいだと最高",Thu Nov 22 08:03:49 +0000 2018
617,"@irizon_klis 一緒に潰すか
あの授業はklisには必要ない",Thu Nov 22 08:01:14 +0000 2018
618,@yntpass とりあえずなんで落ちたかとか、プロ2どうすればいいかとかメールして聞いてみれば？,Thu Nov 22 07:59:17 +0000 2018
619,"きそすーもプロ演もJKJも変わっちゃうって
それもうklisじゃないような(？)",Thu Nov 22 07:57:46 +0000 2018
620,@yntpass マ？ 出席は足りてたの？,Thu Nov 22 07:53:46 +0000 2018
621,素晴らしい👏,Wed Nov 21 23:08:20 +0000 2018
622,やっぱ地元ええな,Wed Nov 21 23:08:10 +0000 2018
623,RT @tatatataikyakun: おはようございます。午前６時の伊勢です。 https://t.co/plHjH0f6zN,Wed Nov 21 23:06:30 +0000 2018
624,RT @tatatataikyakun: おはようございます。午前５時の伊勢です。 https://t.co/C7Z4sd1nHN,Wed Nov 21 23:06:27 +0000 2018
625,盛清六空いてなかった泣,Wed Nov 21 18:37:03 +0000 2018
626,"今日も龍郎に店長がいない
どうしたんだろ",Wed Nov 21 04:41:55 +0000 2018
627,@BunnyVanillaEX りょーかいよ,Wed Nov 21 04:10:07 +0000 2018
628,"@BunnyVanillaEX おけけ
龍郎も今日は行かないかなー",Wed Nov 21 04:08:53 +0000 2018
629,"@BunnyVanillaEX マジかー
ならまた今度にしましょ",Wed Nov 21 04:05:55 +0000 2018
630,@BunnyVanillaEX 龍郎→カラオケオール案件どうすか…？,Wed Nov 21 03:59:07 +0000 2018
631,いやーマジでむじゃき最高だわ。,Tue Nov 20 10:12:50 +0000 2018
632,前回のヨロ史めっちゃ面白かったし今回も面白そう,Tue Nov 20 07:44:48 +0000 2018
633,@BunnyVanillaEX @yntpass おけ,Tue Nov 20 07:29:46 +0000 2018
634,@BunnyVanillaEX @yntpass トランプやってたとこにいるわ,Tue Nov 20 07:28:24 +0000 2018
635,@BunnyVanillaEX @yntpass 了解ンゴ,Tue Nov 20 07:20:58 +0000 2018
636,今パーカー1枚しかないから6限行く途中に死んじゃうかも,Tue Nov 20 07:17:00 +0000 2018
637,金曜英語座ってるだけでいいからめっちゃ楽だな,Tue Nov 20 07:15:50 +0000 2018
638,アリシゼーションのopのサビの入りがめっちゃ好き,Tue Nov 20 07:14:13 +0000 2018
639,@irizon_klis うい,Tue Nov 20 01:35:41 +0000 2018
640,@irizon_klis とってない,Tue Nov 20 00:24:43 +0000 2018
641,プロ演人少なっっ,Mon Nov 19 23:46:17 +0000 2018
642,@BunnyVanillaEX @yntpass おけえええ！,Mon Nov 19 01:45:20 +0000 2018
643,@BunnyVanillaEX @yntpass 行こうぜー,Mon Nov 19 01:43:17 +0000 2018
644,@yntpass 了解っす,Sun Nov 18 22:45:05 +0000 2018
645,とりあえずゲームして目覚ますか,Sun Nov 18 22:37:30 +0000 2018
646,月曜じゃん死にたい,Sun Nov 18 22:26:23 +0000 2018
647,あー目が覚めてしまった,Sun Nov 18 22:26:12 +0000 2018
648,"うーんやっぱ公務員だな
魅力ありすぎ",Sat Nov 17 10:29:54 +0000 2018
649,"単発バイトはいいね
もう働かなくていいという達成感がある",Sat Nov 17 10:24:58 +0000 2018
650,"@ayrton_klis18 
誕生日おめでと！！",Sat Nov 17 09:39:50 +0000 2018
651,龍郎が店長なしで店まわしてる,Sat Nov 17 09:33:20 +0000 2018
652,@yntpass ばおつ！！,Sat Nov 17 08:22:34 +0000 2018
653,@you_klis やっぱそうなんや笑,Sat Nov 17 05:51:35 +0000 2018
654,逃げ出したい〜,Sat Nov 17 03:18:51 +0000 2018
655,BBAばっかりだ,Sat Nov 17 03:16:42 +0000 2018
656,某倉庫、意外と大学生が少ない,Sat Nov 17 03:16:26 +0000 2018
657,やってることは楽だけど精神的に辛すぎる,Sat Nov 17 03:13:03 +0000 2018
658,マジで労働向いてねえな俺,Sat Nov 17 03:12:46 +0000 2018
659,"@BunnyVanillaEX おっけ笑
17時までだから18時に宿舎前まで来れる？",Sat Nov 17 02:55:23 +0000 2018
660,@BunnyVanillaEX 貸そうか？笑,Sat Nov 17 02:52:46 +0000 2018
661,@BunnyVanillaEX 今晩行かね？,Sat Nov 17 02:39:12 +0000 2018
662,眠い…今から労働…,Fri Nov 16 21:52:36 +0000 2018
663,朝から宿舎のシャワー室でADAMS大音量で流してたの誰だよw,Fri Nov 16 21:47:58 +0000 2018
664,"@yntpass りょーかい笑
またメールきたら明日どうするか決めよう",Fri Nov 16 00:45:18 +0000 2018
665,"@yntpass マジか笑
今日ラーメン行けないじゃん笑",Fri Nov 16 00:15:54 +0000 2018
666,"@yntpass 最高だぜ
てか今日来てるの？笑",Fri Nov 16 00:08:22 +0000 2018
667,フィットネス休講きた！！,Thu Nov 15 23:45:09 +0000 2018
668,凍死しそう,Thu Nov 15 23:28:48 +0000 2018
669,図書館情報学への愛でも書くか,Thu Nov 15 08:46:27 +0000 2018
670,出席票何書こうかな,Thu Nov 15 08:46:13 +0000 2018
671,推薦で60人がビブリオバトルするよ,Thu Nov 15 08:42:54 +0000 2018
672,@yntpass りょーかい笑,Thu Nov 15 08:04:28 +0000 2018
673,"@yntpass えらいな笑
6限終わってから飯行かね？笑",Thu Nov 15 08:02:36 +0000 2018
674,"@yntpass やっぱりか笑笑
まだつくばいるの？",Thu Nov 15 08:00:49 +0000 2018
675,@yntpass home？,Thu Nov 15 07:58:57 +0000 2018
676,@yntpass 絶対行かないから！,Thu Nov 15 07:48:10 +0000 2018
677,tkk先生見ると何故か安心してしまうねぇ,Thu Nov 15 07:47:40 +0000 2018
678,"@yntpass それはありよりのあり
まぁ明日ヨロ史終わってから行く流れになる気がするけど笑",Thu Nov 15 06:20:05 +0000 2018
679,@yntpass 今日か明日、ワンチャン？,Thu Nov 15 06:14:02 +0000 2018
680,なんで俺はこんな授業受けとんのやろ,Thu Nov 15 04:13:52 +0000 2018
681,二外マジでいらんわ,Thu Nov 15 04:13:29 +0000 2018
682,@BunnyVanillaEX やるぞぉおお！！！,Wed Nov 14 23:27:34 +0000 2018
683,PUBGとスマブラ同時発売とか激アツすぎる,Wed Nov 14 23:23:36 +0000 2018
684,"@__yuki_san__ 出てても返事しないとかさすがに尖りすぎ笑
まぁでも汚い大人やで",Wed Nov 14 15:55:10 +0000 2018
685,"@__yuki_san__ だよね
てかやっぱり小城もでてなかったかw",Wed Nov 14 13:35:00 +0000 2018
686,私は #リアルゴールドロケットスタート キャンペーンに参加しました。【 #目が覚めるほどウマい ！フォロー&amp;ツイートで総計8万名様にコンビニ引換券がその場で #毎朝当たる ！ @RealGoldJP 】 詳細⇒… https://t.co/WkNyjZBcP8,Wed Nov 14 01:13:22 +0000 2018
687,教科書みたかんじは面白そう,Wed Nov 14 00:38:02 +0000 2018
688,@BunnyVanillaEX うい,Wed Nov 14 00:36:09 +0000 2018
689,@BunnyVanillaEX 2限の終わり頃にクイズみたいなのだされるからそれを授業内に提出して出席になるよ,Wed Nov 14 00:32:37 +0000 2018
690,"@BunnyVanillaEX @irizon_klis 俺はまだ2回だから余裕かな笑
ばにらのギリギリ攻めるスタイル好きよ",Wed Nov 14 00:14:25 +0000 2018
691,@BunnyVanillaEX お、おう笑,Wed Nov 14 00:12:23 +0000 2018
692,"@BunnyVanillaEX ぐう正論だわ
でもまあ来週は取り敢えず授業にでよう()",Wed Nov 14 00:08:47 +0000 2018
693,@BunnyVanillaEX それな、完全にハメられたわ,Wed Nov 14 00:04:26 +0000 2018
694,授業にでるのがきつい,Wed Nov 14 00:01:30 +0000 2018
695,哲学休んでた奴だけまた名前呼ばれてたこと知って震えてる,Wed Nov 14 00:00:31 +0000 2018
696,"@yntpass おけい
1限終わったら右前きて？",Tue Nov 13 23:56:53 +0000 2018
697,@yntpass 来てるの？,Tue Nov 13 23:54:35 +0000 2018
698,寝れねぇ〜,Tue Nov 13 19:47:06 +0000 2018
699,今日フルコマだったけどずっと部屋で寝てたンゴ,Tue Nov 13 19:46:59 +0000 2018
700,"今日から統計じゃん 
まだ教科書買ってない…",Tue Nov 13 19:45:57 +0000 2018
701,最近昼夜逆転してるな〜俺,Tue Nov 13 19:39:42 +0000 2018
702,正直5限はでるつもりだったけど寝落ちしてた,Tue Nov 13 09:35:09 +0000 2018
703,初めて全休創成しちゃったけど気持ちよすぎる…,Tue Nov 13 09:34:42 +0000 2018
704,@yntpass @BunnyVanillaEX どういうことやねんw,Mon Nov 12 00:01:51 +0000 2018
705,関西弁強すぎて内容が入ってこない,Sun Nov 11 23:59:09 +0000 2018
706,@yntpass @BunnyVanillaEX 見えねえ…,Sun Nov 11 23:58:15 +0000 2018
707,@BunnyVanillaEX おけ,Sun Nov 11 23:46:40 +0000 2018
708,@BunnyVanillaEX 一限来れてるの？,Sun Nov 11 23:44:17 +0000 2018
709,@BunnyVanillaEX あと2時間耐えたら勝ちだな,Sun Nov 11 21:25:37 +0000 2018
710,寝よ,Sun Nov 11 21:23:22 +0000 2018
711,昼ばちこり寝てたしさすがに来るか(フラグ),Sun Nov 11 21:23:02 +0000 2018
712,"今日の一限はばにらの落単がかかった大事な授業なの
それなのにばにらはまだ起きてるの",Sun Nov 11 21:22:29 +0000 2018
713,"明日も明後日もフルコマだと？
それってもう死",Sun Nov 11 21:13:30 +0000 2018
714,"@BunnyVanillaEX それな笑
あいつの考えることは毎度神すぎる笑笑",Sun Nov 11 21:11:20 +0000 2018
715,klis18の今日のLINE、いつ見ても笑える,Sun Nov 11 21:08:40 +0000 2018
716,ラーメンと魔剤の両方を三日連続摂取してるから体がそろそろやばい,Sun Nov 11 21:06:48 +0000 2018
717,なんか部屋微妙に暑い,Sun Nov 11 21:04:52 +0000 2018
718,"日曜の夜ってマジで寝られない
月曜をむかえたくない",Sun Nov 11 21:02:58 +0000 2018
719,みんなプロ演1やってるわ,Sun Nov 11 13:31:50 +0000 2018
720,機室にklis18いっぱいいてワロてる,Sun Nov 11 13:31:37 +0000 2018
721,"@ayrton_klis18 ばおつー
俺来週行くことになったんだけど、どんなかんじだった？",Sat Nov 10 08:20:02 +0000 2018
722,魔剤飲みながらNightcore聴いて圧倒的集中力をみせるぞ,Sat Nov 10 05:03:37 +0000 2018
723,今から初めてプロ演の最後の課題するとか考えるだけで死にたい,Sat Nov 10 05:01:24 +0000 2018
724,@irizon_klis 1階じゃないの？,Sat Nov 10 04:35:47 +0000 2018
725,@irizon_klis 1時から,Sat Nov 10 03:44:21 +0000 2018
726,"ばにらから電話で課題の質問きてワロてる
あいつも真面目になったなぁ…？",Mon Nov 05 19:55:26 +0000 2018
727,法制度覚えないと！,Mon Nov 05 19:45:40 +0000 2018
728,腹減った、龍郎食いたい(n回目),Mon Nov 05 19:44:14 +0000 2018
729,"龍郎 豚三枚野菜マシマシ
量多すぎだろこれ… https://t.co/SgdDy9Uehi",Mon Nov 05 10:44:19 +0000 2018
730,"スマブラ大会初戦敗退ww
ガチ勢だったわ",Sat Nov 03 02:18:39 +0000 2018
731,講義の趣旨なんか違くないか,Thu Nov 01 08:17:07 +0000 2018
732,"友達といる時は楽しいけど、講義とかは楽しくないかな 

#peing #質問箱 https://t.co/DYDfCQxBVl",Tue Oct 30 18:28:59 +0000 2018
733,"伊勢神宮とか？
あとはあんまり思いつかない 

#トリックオア答えて https://t.co/bd0lmte6gX",Tue Oct 30 18:28:15 +0000 2018
734,"fgoの謎のヒロインXオルタってキャラです 

#peing #質問箱 https://t.co/AeDvBoHxr9",Tue Oct 30 18:27:30 +0000 2018
735,"直接会った時に言ってくれれば喋りますよ
正直忘れかけてますが笑 

#トリックオア答えて https://t.co/C2kvLe2jU2",Tue Oct 30 18:26:22 +0000 2018
736,@kota35292486 なんじゃそりゃw,Tue Oct 30 10:11:56 +0000 2018
737,@kota35292486 マ？何したの？,Tue Oct 30 09:32:52 +0000 2018
738,"絶起した…
けど法制度はまぁ行かなくていいや",Tue Oct 30 02:06:55 +0000 2018
739,なんか寝れないからcodでもしよう,Sun Oct 28 20:35:46 +0000 2018
740,"送ってもらった毛布めっちゃ実家の匂いがする
帰省したくなったわ",Sun Oct 28 20:28:47 +0000 2018
741,寒いしそろそろ毛布だそうかなあ,Sun Oct 28 20:24:00 +0000 2018
742,"ちょっとでも寝ないとね
オールはダメですよオールは",Sun Oct 28 20:15:37 +0000 2018
743,"もう5時なのに外は真っ暗
冬が近づいてますね、、、",Sun Oct 28 20:11:29 +0000 2018
744,明日1限とか狂ってる,Sun Oct 28 20:10:17 +0000 2018
745,質問箱初日以来やってないからやろうとしたら落ちてるやん,Sun Oct 28 17:30:57 +0000 2018
746,英語の予習終わんね〜 殺される〜,Sun Oct 28 17:29:02 +0000 2018
747,久しぶりに勉強したら集中力無さすぎてしんどい,Sun Oct 28 17:27:59 +0000 2018
748,"まっさんの質問箱です
最近回答した質問 → 「油虎超うまくね？」

https://t.co/jipvYrHKPU",Sat Oct 27 19:36:00 +0000 2018
749,"@irizon_klis 全然いいぞ笑
おつかれさん",Fri Oct 26 15:46:19 +0000 2018
750,@irizon_klis 褒めてるんだよ,Fri Oct 26 13:40:59 +0000 2018
751,"ガチのドン引きってやつをはじめてした
声もでなくなる…",Fri Oct 26 12:25:49 +0000 2018
752,irizonが画面に向かって「それそれそれぇえええええ！！！！！」,Fri Oct 26 12:17:38 +0000 2018
753,これは引くわ…,Fri Oct 26 11:40:57 +0000 2018
754,irizonが高まりすぎて怖い,Fri Oct 26 11:36:40 +0000 2018
755,@irizon_klis お、いいね,Fri Oct 26 08:56:54 +0000 2018
756,"@irizon_klis 昨日もオールしてたしね。
他誰かいないか？",Fri Oct 26 08:54:54 +0000 2018
757,@irizon_klis まぁ体育ブッチして家に寝に行った時点でこうなるとは思ってた,Fri Oct 26 08:51:36 +0000 2018
758,@irizon_klis ふかみ6限来てなくて多分家で寝てる,Fri Oct 26 08:49:49 +0000 2018
759,@irizon_klis 了解した,Fri Oct 26 08:03:06 +0000 2018
760,"@irizon_klis 6限終わって風呂入ってから行くわ
部屋って218だよね？",Fri Oct 26 08:00:49 +0000 2018
761,早く筋トレさせて,Fri Oct 26 03:39:09 +0000 2018
762,ちょっと遅れたけど始まってなかったから勝ち,Fri Oct 26 03:23:23 +0000 2018
763,"昼から豚八
体育遅れて行くかも https://t.co/gud2d8dyzq",Fri Oct 26 03:02:31 +0000 2018
764,ゆ,Thu Oct 25 18:38:19 +0000 2018
765,ヒロアカ面白いよなわかる,Wed Oct 24 16:47:37 +0000 2018
766,"めっちゃ美味かったな！！
また行こうぜ(遠いけど) 

#peing #質問箱 https://t.co/OYFgUY6c1c",Wed Oct 24 15:51:34 +0000 2018
767,@yntpass あざす笑,Wed Oct 24 15:50:38 +0000 2018
768,@yntpass やなぎだがすぐツイートにいいねしたからだよ笑,Wed Oct 24 15:42:07 +0000 2018
769,"それはいいけど、明日授業来いよ 

#peing #質問箱 https://t.co/GQU5vPmtgd",Wed Oct 24 15:40:33 +0000 2018
770,暇な人質問して、どうぞ。,Wed Oct 24 15:39:49 +0000 2018
771,まっさんの質問箱です https://t.co/oAbQzUqa2I #質問箱 #peing,Wed Oct 24 15:39:01 +0000 2018
772,カスミがこれほど快適だったとは…,Wed Oct 24 10:47:08 +0000 2018
773,"カスミの揺れる椅子めっちゃいいな
もう帰れない",Wed Oct 24 10:43:40 +0000 2018
774,"春日から6キロくらい離れた油虎
めちゃめちゃ美味しかったです https://t.co/OXbSTzNqG4",Wed Oct 24 10:33:28 +0000 2018
775,@irizon_klis まぁ行けそうだったら行こう(無理でも全然おけ),Wed Oct 24 09:25:40 +0000 2018
776,@irizon_klis てか松葉杖でも頑張れば行けんじゃね？,Wed Oct 24 09:23:48 +0000 2018
777,"@irizon_klis マジ？まぁ仕方ないか…
足ちゃんと治してね",Wed Oct 24 09:21:19 +0000 2018
778,"@irizon_klis 言うほどオタクじゃないからな
松葉杖って大丈夫か…",Wed Oct 24 09:13:58 +0000 2018
779,@BunnyVanillaEX 今からちょっとだけスマブラしね？,Wed Oct 24 04:29:39 +0000 2018
780,@BunnyVanillaEX りょーかい,Wed Oct 24 04:26:03 +0000 2018
781,@BunnyVanillaEX もう機室いるの？,Wed Oct 24 04:25:11 +0000 2018
782,ミスった,Wed Oct 24 03:18:10 +0000 2018
783,また前の方に座ってしまった…,Wed Oct 24 03:18:03 +0000 2018
784,阪大が指定されたのね,Tue Oct 23 16:16:14 +0000 2018
785,"指定国立大学ってなんや
暴力団みたい",Tue Oct 23 16:15:31 +0000 2018
786,マジで美味すぎた。 https://t.co/1gEjMAxPW4,Tue Oct 23 09:50:14 +0000 2018
787,哲学も25ツイートしたら単位くれ,Tue Oct 23 05:47:06 +0000 2018
788,7A205で寝ると、前の人の背中に頭があたる,Tue Oct 23 05:43:53 +0000 2018
789,"@irizon_klis そうやなぁ
テスト勉強一緒にするぞ",Tue Oct 23 05:37:54 +0000 2018
790,"@irizon_klis じゃあもう聞いても意味なさそうだね…
自分で勉強するしかないのか",Tue Oct 23 05:36:31 +0000 2018
791,今日はもういいけど、次回から哲学真面目に受けよう,Tue Oct 23 05:32:12 +0000 2018
792,@irizon_klis いえあ,Tue Oct 23 05:28:42 +0000 2018
793,@irizon_klis DMで送るね,Tue Oct 23 05:25:46 +0000 2018
794,@irizon_klis わかんなかったから和久井に教えてもらったで,Tue Oct 23 05:24:27 +0000 2018
795,基礎数の課題終わったし寝るか？,Tue Oct 23 05:23:12 +0000 2018
796,"@you_klis マジでちゃんとやっててやばい
俺は予習してなかったから全く話に入れなかったけど笑",Tue Oct 23 01:23:16 +0000 2018
797,今から2時間はかかりそう,Sun Oct 21 17:57:19 +0000 2018
798,英語の予習しないと班のメンバーに え？マジ？ みたいな目で見られるからやらないと,Sun Oct 21 17:56:52 +0000 2018
799,ゾンビランドサガ1話見たけど頭おかしくなりそう,Sat Oct 20 18:15:27 +0000 2018
800,だいぶエイムよくなってきた。,Sat Oct 20 17:46:40 +0000 2018
801,CoD10時間やって圧倒的成長💪💪,Sat Oct 20 17:46:24 +0000 2018
802,停電オワオワリ,Sat Oct 20 07:03:04 +0000 2018
803,@irizon_klis マクド,Sat Oct 20 05:35:16 +0000 2018
804,電源確保と昼飯でマクド,Sat Oct 20 05:03:15 +0000 2018
805,なんで休日に停電と断水を同時にすんねん,Sat Oct 20 04:03:12 +0000 2018
806,トイレしたいけど外出るの面倒だからあと3時間我慢,Sat Oct 20 04:02:45 +0000 2018
807,"4時までもうひと眠りするか
なんかせっかくの土曜がもったいないなあ…",Sat Oct 20 02:46:53 +0000 2018
808,ゲームできない,Sat Oct 20 02:46:07 +0000 2018
809,マジで宿舎停電してるじゃねえか,Sat Oct 20 02:45:51 +0000 2018
810,明日9時から宿舎停電らしいのでその時間までがんばって起きて停電中に寝る…,Fri Oct 19 17:05:09 +0000 2018
811,フリーアイコン素晴らしい,Fri Oct 19 17:00:00 +0000 2018
812,この垢つくってから初めてアイコン変えたからなんか違和感,Fri Oct 19 16:59:51 +0000 2018
813,プロ画変えてみる。,Fri Oct 19 16:33:14 +0000 2018
814,"klis19もう5人もいるのか
なんかワロタ",Fri Oct 19 05:53:32 +0000 2018
815,授業ブッチ組とカラオケ！！ https://t.co/jtxYBGD7nl,Fri Oct 19 04:05:45 +0000 2018
816,"やなぎだがバイト辞めた祝い
初 むじゃき https://t.co/Hxb0UPEvrS",Fri Oct 19 03:12:25 +0000 2018
817,@BunnyVanillaEX @yntpass 俺も行きます行きます,Thu Oct 18 04:29:26 +0000 2018
818,教室どこ,Wed Oct 17 03:00:19 +0000 2018
819,腹減りすぎて内容が頭に入ってこない,Tue Oct 16 08:04:51 +0000 2018
820,"【方言チャート～47都道府県版～】
https://t.co/n3GP5emFAO
鑑定結果は、三重県でした。
（結果画像：https://t.co/p4eMufYJEd）
東京女子大学篠崎ゼミｘジャパンナレッジ

正解だ",Tue Oct 16 05:52:40 +0000 2018
821,"絶起って結構辛くね？
ばにらはよく毎日できるなぁ",Tue Oct 16 00:19:23 +0000 2018
822,"@irizon_klis それはナイス
今から行こうかね",Tue Oct 16 00:18:44 +0000 2018
823,絶起した、最悪や,Tue Oct 16 00:16:14 +0000 2018
824,@BunnyVanillaEX だからバイトしてたんか笑,Sun Oct 14 14:06:48 +0000 2018
825,"@BunnyVanillaEX 結構おもろいよ
金あるんだったら買おうぜ",Sun Oct 14 13:13:30 +0000 2018
826,@BunnyVanillaEX CoDの新しいやつならPUBGできるぞ,Sun Oct 14 12:48:05 +0000 2018
827,宿舎ってやっぱ楽しいわ,Sat Oct 13 16:30:33 +0000 2018
828,CoDクッソ楽しいわこれ,Fri Oct 12 19:48:40 +0000 2018
829,"発売初日に買ったぜ
やりまくろう https://t.co/Nw7z7cRNmt",Fri Oct 12 14:37:05 +0000 2018
830,"初 七福軒
めっちゃうまかった！ https://t.co/IFsj3fNVgF",Fri Oct 12 10:40:00 +0000 2018
831,@yntpass 4時半頃迎えに行くからチャリ置き場おってくれー,Fri Oct 12 05:02:35 +0000 2018
832,"@yntpass いいね
英語CA棟だっけ？",Fri Oct 12 04:26:15 +0000 2018
833,"@yntpass ヨーロッパ史とってみた
柳田も来る？",Fri Oct 12 03:21:30 +0000 2018
834,体育も英語も休講やから6限まで暇だあ,Fri Oct 12 02:38:58 +0000 2018
835,@BunnyVanillaEX 明日もテスト的なのあるゾ,Thu Oct 11 15:44:35 +0000 2018
836,カスタムメイド買いたいなぁ…,Thu Oct 11 14:47:35 +0000 2018
837,つくったキャラが動かないのが辛い,Thu Oct 11 14:47:10 +0000 2018
838,どんだけでもつくってしまう,Thu Oct 11 14:46:22 +0000 2018
839,カスタムキャストめっちゃ楽しいな,Thu Oct 11 14:45:54 +0000 2018
840,@fjord_ITF ありがと！,Thu Oct 11 14:37:14 +0000 2018
841,だよね,Thu Oct 11 14:36:15 +0000 2018
842,明日ってフィットネスあるの？,Thu Oct 11 14:34:58 +0000 2018
843,はやく帰ってもこうのデトロイト実況見たい,Tue Oct 09 04:09:23 +0000 2018
844,@irizon_klis スマブラ来るか？,Fri Oct 05 04:47:53 +0000 2018
845,@yntpass とりあえず来てくれ笑,Fri Oct 05 01:11:01 +0000 2018
846,"@yntpass まぁ期末がんばればいけるんじゃね()
てか体育は来いよ笑",Fri Oct 05 00:37:48 +0000 2018
847,@yntpass https://t.co/AXezpX44DR,Fri Oct 05 00:33:40 +0000 2018
848,RT @welt_meister_: @kota35292486 せやな(これ持ってる時の店員の目がアイスより遥かに冷たいのどうにかしてほしい() https://t.co/lJzUcuzPq6,Wed Oct 03 14:49:51 +0000 2018
849,(まねきねこのジョッキがなくなったのはほんdoのせいじゃないか…？),Wed Oct 03 14:49:10 +0000 2018
850,ばにらと2人でカラオケオールや！w,Wed Oct 03 10:01:43 +0000 2018
851,豚八うまかった！ https://t.co/UasdMgpA2q,Wed Oct 03 10:01:25 +0000 2018
852,帰りた,Wed Oct 03 03:35:18 +0000 2018
853,人の金で食うラーメンは美味いなぁ(ごちそうさまでした) https://t.co/DFi3gZnTBG,Tue Oct 02 17:00:08 +0000 2018
854,テストじゃなくてレポートでよくね,Tue Oct 02 03:45:15 +0000 2018
855,情報社会と法制度面白そうだね,Tue Oct 02 00:09:10 +0000 2018
856,@irizon_klis 今からいけるよ,Mon Oct 01 13:21:59 +0000 2018
857,@irizon_klis 10時半からならいける笑,Mon Oct 01 12:32:20 +0000 2018
858,"そんなオプションやだけど
#コンテンツ応用論2018",Mon Oct 01 08:30:49 +0000 2018
859,"死ぬことすらかすり傷の男
#コンテンツ応用論2018",Mon Oct 01 08:30:19 +0000 2018
860,"蕎麦俺も食べたい
#コンテンツ応用論2018",Mon Oct 01 08:06:50 +0000 2018
861,"千利休から
#コンテンツ応用論2018",Mon Oct 01 08:03:12 +0000 2018
862,"コメントひろってください
#コンテンツ応用論2018",Mon Oct 01 08:02:31 +0000 2018
863,"みんな春日のチャイムを聴いてくれ
#コンテンツ応用論2018",Mon Oct 01 07:46:53 +0000 2018
864,"この話をとめるわけにはいかない
#コンテンツ応用論2018",Mon Oct 01 07:46:35 +0000 2018
865,"落合陽一とさしで飲めるのか
#コンテンツ応用論",Mon Oct 01 07:46:04 +0000 2018
866,"だせば売れる
#コンテンツ応用論2018",Mon Oct 01 07:43:31 +0000 2018
867,"もう充電1%だ
#コンテンツ応用論2018",Mon Oct 01 07:40:31 +0000 2018
868,"意識高いツイート多め
#コンテンツ応用論2018",Mon Oct 01 07:40:05 +0000 2018
869,"大学で学ぶ意識を高める講義を初回に持ってくるのいいですね
#コンテンツ応用論2018",Mon Oct 01 07:39:09 +0000 2018
870,"それは十分承知で企業側も採用してるだろうけど
#コンテンツ応用論2018",Mon Oct 01 07:38:01 +0000 2018
871,"入学簡単で卒業難しいにするといいのかもね他国みたいに
#コンテンツ応用論2018",Mon Oct 01 07:37:27 +0000 2018
872,"高学歴は使えないって言ってるのはこういうことなんだな
確率が高いってだけになる
#コンテンツ応用論2018",Mon Oct 01 07:36:37 +0000 2018
873,"大卒ガチャ
#コンテンツ応用論2018",Mon Oct 01 07:35:58 +0000 2018
874,"大学卒業したからって信頼的な話わかりみが深すぎる
#コンテンツ応用論2018",Mon Oct 01 07:35:30 +0000 2018
875,"#コンテンツ応用論2018
5000ツイート超えてる",Mon Oct 01 07:34:52 +0000 2018
876,"大学に入って学ぶのは確かに楽だからね
でも学んだ気になってるだけだったり
#コンテンツ応用論2018",Mon Oct 01 07:33:47 +0000 2018
877,"25ツイートいったっぽい
#コンテンツ応用論2018",Mon Oct 01 07:32:41 +0000 2018
878,"大学とは？
#コンテンツ応用論2018",Mon Oct 01 07:31:40 +0000 2018
879,"世界が学びの場
#コンテンツ応用論2018",Mon Oct 01 07:31:29 +0000 2018
880,"通信かつゼミは確かにのびそうだしこれから主流になるのかな
#コンテンツ応用論2018",Mon Oct 01 07:29:36 +0000 2018
881,"場所の問題は解決しづらい
#コンテンツ応用論2018",Mon Oct 01 07:27:02 +0000 2018
882,"あと充電8%だ
#コンテンツ応用論2018",Mon Oct 01 07:24:40 +0000 2018
883,"よこてん？
#コンテンツ応用論2018",Mon Oct 01 07:22:23 +0000 2018
884,"ツイッターやれば2単位
時代は変わったなあ
#コンテンツ応用論2018",Mon Oct 01 07:19:46 +0000 2018
885,"すぐ話に戻ったw
#コンテンツ応用論2018",Mon Oct 01 07:18:52 +0000 2018
886,"突然くる電話
#コンテンツ応用論2018",Mon Oct 01 07:18:34 +0000 2018
887,"今はスマホないと生きてけないしね
#コンテンツ応用論2018",Mon Oct 01 07:17:54 +0000 2018
888,"revolution &lt; update
#コンテンツ応用論2018",Mon Oct 01 07:17:03 +0000 2018
889,"情報の速度がはやくなった
#コンテンツ応用論2018",Mon Oct 01 07:14:46 +0000 2018
890,"落合陽一と話が合うってすごい
#コンテンツ応用論2018",Mon Oct 01 07:13:50 +0000 2018
891,"@BunnyVanillaEX おけ
#コンテンツ応用論2018",Mon Oct 01 07:12:15 +0000 2018
892,"最先端に触れる
#コンテンツ応用論2018",Mon Oct 01 07:11:43 +0000 2018
893,"@BunnyVanillaEX 今日ラーメン食べに行くの？？
#コンテンツ応用論2018",Mon Oct 01 07:10:57 +0000 2018
894,"話始まったから聞くのに集中しよう
#コンテンツ応用論2018",Mon Oct 01 07:04:03 +0000 2018
895,"？？？「ばちこりとコンテンツを応用していくぅ〜」
#コンテンツ応用論2018",Mon Oct 01 07:03:14 +0000 2018
896,"ばにらは今日来てるの？
#コンテンツ応用論2018",Mon Oct 01 07:01:53 +0000 2018
897,"落合陽一「コンテンツは創るもの」
#コンテンツ応用論2018",Mon Oct 01 07:01:30 +0000 2018
898,"まぁ25ツイートに届かなかったら夜中にこっそりツイートしよう
#コンテンツ応用論2018",Mon Oct 01 06:59:59 +0000 2018
899,"25ツイートきついよ…
 #コンテンツ応用論2018",Mon Oct 01 06:57:52 +0000 2018
900,"授業はじまった
#コンテンツ応用論2018",Mon Oct 01 06:55:50 +0000 2018
901,"今週って出席とる必要あるのか？
#コンテンツ応用論2018",Mon Oct 01 06:54:52 +0000 2018
902,"凍結されても面白かったらOK
#コンテンツ応用論2018",Mon Oct 01 06:54:03 +0000 2018
903,"25ツイートがんばろう
#コンテンツ応用論2018",Mon Oct 01 06:53:14 +0000 2018
904,@irizon_klis じゃあ学校始まってからだな,Sat Sep 29 17:17:13 +0000 2018
905,"@irizon_klis 今日は友達とBFするんさなぁ
明日の夜や！！",Sat Sep 29 11:05:03 +0000 2018
906,@irizon_klis なるほどね,Thu Sep 27 11:53:58 +0000 2018
907,@irizon_klis マジか、今日は無理やわ…,Thu Sep 27 11:52:23 +0000 2018
908,"@irizon_klis ワロタ
俺、柳田、ばにら、細谷はいけるし割と集まりそう",Thu Sep 27 11:22:27 +0000 2018
909,人狼したい,Thu Sep 27 11:02:00 +0000 2018
910,ジャッジメント勢いないのか,Thu Sep 27 11:01:53 +0000 2018
911,"@irizon_klis 9人くらいほしいなー
いりぞん人集めてくれ！",Thu Sep 27 10:50:16 +0000 2018
912,@irizon_klis やりたい、いつやるの？,Thu Sep 27 10:38:26 +0000 2018
913,@irizon_klis すまん、帰るの明日になったんや笑,Wed Sep 26 13:25:13 +0000 2018
914,最高のアニメだったよ、,Mon Sep 24 19:21:35 +0000 2018
915,ヤマノススメ3期終わってしまった…,Mon Sep 24 19:21:13 +0000 2018
916,寝るための準備が面倒,Sat Sep 22 17:34:36 +0000 2018
917,寝るのもめんどくさい,Sat Sep 22 17:34:17 +0000 2018
918,マジで無気力すぎてヤバイ,Sat Sep 22 17:33:43 +0000 2018
919,@irizon_klis やりましょ,Fri Sep 21 14:30:32 +0000 2018
920,@BunnyVanillaEX おっけ！！,Fri Sep 21 14:10:08 +0000 2018
921,"@BunnyVanillaEX やらなやばいな〜
来週の木曜くらいで！",Fri Sep 21 13:48:44 +0000 2018
922,@irizon_klis 来週の水曜やよ！,Fri Sep 21 13:24:08 +0000 2018
923,"バトルフィールドPSstoreで500円で売ってる
5出る前にやるか〜",Fri Sep 21 09:33:06 +0000 2018
924,"そういえば今日やっと免許とれた
ペーパードライバーや！",Fri Sep 21 09:23:16 +0000 2018
925,星4のピックアップのやつ当たったけどいらない,Wed Sep 19 18:11:53 +0000 2018
926,"50連引いて星5が1体もあたらない
まぁこんなもんか…",Wed Sep 19 18:11:17 +0000 2018
927,"てか最近全然ボカロきいてない
アニソンばっかや",Tue Sep 18 16:53:31 +0000 2018
928,カラオケ行きたいな,Tue Sep 18 16:53:08 +0000 2018
929,"結局まねきねこ安いままなのね
これはバンバン行くよりまねきねこですわ",Tue Sep 18 16:52:23 +0000 2018
930,最近免許のことばっか考えとるから免許とれたら俺の人生終わりそう,Tue Sep 18 16:51:28 +0000 2018
931,ｱﾞｱﾞｱﾞｱﾞｱﾞ,Tue Sep 18 16:34:33 +0000 2018
932,あと夏休み12日とかやばいな,Tue Sep 18 16:34:15 +0000 2018
933,明日本免ワンチャンあるかな〜,Tue Sep 18 16:26:13 +0000 2018
934,そろそろつくばに帰りたいけど本免受けないと帰れない,Tue Sep 18 16:25:27 +0000 2018
935,もう何も信じられねえなこれ,Fri Sep 07 14:56:23 +0000 2018
936,アストルフォが男とかマジかよ…,Fri Sep 07 14:56:06 +0000 2018
937,卒検終わって名古屋でラーメン https://t.co/RaIvu8KtuJ,Fri Sep 07 10:44:11 +0000 2018
938,卒検落ちる奴全員ガイジやと思っとったら俺やった,Thu Sep 06 02:39:33 +0000 2018
939,シャム以下,Thu Sep 06 02:27:04 +0000 2018
940,縁石に乗り上げて一発で失格,Thu Sep 06 02:26:51 +0000 2018
941,"卒検落ちたわマジ最悪……
もう一回遊べるドン！",Thu Sep 06 02:26:22 +0000 2018
942,@BunnyVanillaEX つくば帰ったら即行こう！,Sun Aug 19 21:44:29 +0000 2018
943,"@yntpass わろたｗ
それはないかな…",Sun Aug 19 14:00:21 +0000 2018
944,"龍郎行きたい…
まねきねこ行きたい…",Sun Aug 19 10:06:13 +0000 2018
945,今から東京行くけどすることなさそう…,Sun Aug 05 20:22:29 +0000 2018
946,久しぶりの天地美味かった！(二日ぶり) https://t.co/AHS2MexqnW,Fri Aug 03 09:23:47 +0000 2018
947,@welt_meister_ おけw(この時間まで起きてて明日の一限間に合うんですかねえ…),Thu Aug 02 18:56:05 +0000 2018
948,"@welt_meister_ 博多弁全然違いそうだねw
地元で標準語披露するために慣れとくわw",Thu Aug 02 18:51:02 +0000 2018
949,"ヒロアカの映画今日公開か
ぜひ観に行きたい",Thu Aug 02 18:47:39 +0000 2018
950,"チャリで30分くらいかかる気がする
いつも電車で行くけど",Thu Aug 02 18:46:30 +0000 2018
951,実家の近くにカラオケないから帰省してから辛いなあ,Thu Aug 02 18:46:03 +0000 2018
952,"@welt_meister_ すごい違和感あるんだよねw
標準語ﾑｽﾞｶｼｲ",Thu Aug 02 18:43:29 +0000 2018
953,免許早くとりたいね,Thu Aug 02 18:42:28 +0000 2018
954,マジで夏休みすることないけどみんな何するんだろ,Thu Aug 02 18:42:07 +0000 2018
955,夏休み夏休み夏休み夏休み夏休み夏休み夏休み夏休み夏休み夏休み夏休み夏休み夏休み夏休み夏休み夏休み夏休み夏休み夏休み夏休み夏休み夏休み夏休み夏休み夏休み夏休み夏休み夏休み夏休み夏休み夏休み夏休み夏休み夏休み夏休み夏休み夏休み夏休み夏休み夏休み夏休み夏休み夏休み夏休み夏休み夏休み夏休,Thu Aug 02 18:41:35 +0000 2018
956,〜やん を 〜じゃん ってたまに言うようになったけど使い方あってるのかわからん,Thu Aug 02 18:40:57 +0000 2018
957,明日の授業終わったら夏休みじゃん最高,Thu Aug 02 18:40:04 +0000 2018
958,天地、つくばに来てから食った麺類で1番美味かったかも,Wed Aug 01 09:49:15 +0000 2018
959,"@BunnyVanillaEX @yntpass 最高だな笑
了解や！",Wed Aug 01 09:25:51 +0000 2018
960,@BunnyVanillaEX @yntpass 俺も行くぞ！,Wed Aug 01 09:24:58 +0000 2018
961,"天地きた！
つくばのラーメンを少しずつ制覇するぞ https://t.co/uFv1IGQxPq",Wed Aug 01 09:06:16 +0000 2018
962,早くテストして早く帰らせろ,Wed Aug 01 00:28:43 +0000 2018
963,ちょうど90分寝れたから目覚めがよい,Tue Jul 31 23:18:57 +0000 2018
964,ラーメン食いに行きたい,Tue Jul 31 21:02:16 +0000 2018
965,正直基礎数よりリテラシの方がめんどい,Tue Jul 31 20:56:04 +0000 2018
966,寝れない,Tue Jul 31 20:04:17 +0000 2018
967,基礎数の解答ミス多すぎて萎える,Tue Jul 31 07:36:26 +0000 2018
968,あと1時間あるけど眠くて帰りたい,Sun Jul 29 18:46:27 +0000 2018
969,ヒトカラ行くか〜〜,Sun Jul 29 16:12:17 +0000 2018
970,水泳とってもいいんだけど、まわりにとる人いなさそうだから微妙,Sun Jul 29 16:10:08 +0000 2018
971,ジョグ＆ウォーク意外と楽そうだね,Sun Jul 29 16:09:34 +0000 2018
972,30年後くらいに流行語になってそう,Fri Jul 27 17:43:15 +0000 2018
973,バーチャル結婚,Fri Jul 27 17:43:00 +0000 2018
974,もこう早く第五人格の実況動画あげてくれ,Fri Jul 27 17:42:05 +0000 2018
975,第五人格やりたいけどなんかこわいからできない…,Fri Jul 27 17:41:42 +0000 2018
976,今週3回目,Fri Jul 27 17:23:13 +0000 2018
977,7月あと僅かだから行かねばという思考,Fri Jul 27 17:23:00 +0000 2018
978,また義務感でヒトカラに行ってしまった,Fri Jul 27 17:22:42 +0000 2018
979,豚八！豚八！豚八！！！ https://t.co/7tzvpqxwWA,Fri Jul 27 09:06:18 +0000 2018
980,進撃の巨人(NHK),Sun Jul 22 15:37:48 +0000 2018
981,"進撃始まった
この時を死ぬほど待ってた",Sun Jul 22 15:37:23 +0000 2018
982,初鶏々〜 https://t.co/g8Pw0c1lIu,Sun Jul 22 09:24:10 +0000 2018
983,シャルル1000万再生！！！(数日前だけど),Sat Jul 21 19:09:27 +0000 2018
984,やっちまった… https://t.co/g8u4P0OoV5,Sat Jul 21 17:27:44 +0000 2018
985,キズナアイいつのまにか公式マークついててなんか草,Fri Jul 20 08:23:08 +0000 2018
986,RT @yntpass: まっさんとばにばにとカラオケ https://t.co/D2j0MaN3VH,Fri Jul 20 08:20:47 +0000 2018
987,やっぱDAMの方が歌いやすいな,Fri Jul 20 06:38:48 +0000 2018
988,JOYSOUNDは苦手という言い訳,Fri Jul 20 06:38:20 +0000 2018
989,昼から龍郎、神 https://t.co/sXx12MtYF2,Fri Jul 20 05:00:05 +0000 2018
990,JKとJS、A+きたぞ,Wed Jul 18 03:18:06 +0000 2018
991,ud概論なんとかcとれた…,Wed Jul 18 03:16:12 +0000 2018
992,成績13時から,Wed Jul 18 01:17:58 +0000 2018
993,今から宿舎まで帰るの辛すぎ,Sun Jul 15 05:29:03 +0000 2018
994,景色全然見れへんだ笑 https://t.co/yEwkl7VVi5,Sun Jul 15 05:28:44 +0000 2018
995,"筑波山登山中〜
死にそう https://t.co/1bcGN0IMGc",Sun Jul 15 02:11:53 +0000 2018
996,人減りすぎィ,Fri Jul 13 03:16:40 +0000 2018
997,スマブラオワオワリ,Thu Jul 12 19:08:34 +0000 2018
998,こうたが1時間くらいスマブラしてる,Thu Jul 12 17:35:41 +0000 2018
999,@BunnyVanillaEX おけ笑,Thu Jul 12 16:37:18 +0000 2018
1000,@BunnyVanillaEX そやなーいりぞんに集めてもらうか笑,Thu Jul 12 16:34:49 +0000 2018
1001,@BunnyVanillaEX 頼むわ！,Thu Jul 12 16:11:19 +0000 2018
1002,@BunnyVanillaEX やりたい！！,Thu Jul 12 15:46:23 +0000 2018
1003,もうすでに帰りたい,Wed Jul 11 03:15:42 +0000 2018
1004,カラオケいいなー,Wed Jul 11 03:14:51 +0000 2018
1005,時間進むのが遅く感じる…,Wed Jul 11 01:38:37 +0000 2018
1006,夜行バスで今朝帰ってきたから授業きつい,Wed Jul 11 00:12:15 +0000 2018
1007,早朝の都会ってなんかいいね,Tue Jul 10 21:22:49 +0000 2018
1008,眠すぎて体調が悪い,Tue Jul 10 19:20:41 +0000 2018
1009,あと東京まで2時間くらい,Tue Jul 10 19:20:00 +0000 2018
1010,旅する気分で楽しい,Fri Jul 06 05:01:24 +0000 2018
1011,今から帰省するぜ,Fri Jul 06 05:01:00 +0000 2018
1012,@yntpass りょうかい笑,Fri Jul 06 02:18:51 +0000 2018
1013,@yntpass 寝坊？,Fri Jul 06 01:12:20 +0000 2018
1014,@yntpass @BunnyVanillaEX また色々教えるよ笑,Fri Jul 06 01:12:11 +0000 2018
1015,@BunnyVanillaEX りょうかい笑,Thu Jul 05 23:48:06 +0000 2018
1016,やなぎだいる？,Thu Jul 05 23:46:36 +0000 2018
1017,@BunnyVanillaEX  https://t.co/2TE83C9hvN,Thu Jul 05 23:42:33 +0000 2018
1018,来てないやつ多いな…,Thu Jul 05 23:40:34 +0000 2018
1019,"@BunnyVanillaEX なるほど笑
それは仕方ないな笑",Thu Jul 05 23:39:52 +0000 2018
1020,@BunnyVanillaEX 帰省するの？,Thu Jul 05 23:38:35 +0000 2018
1021,@BunnyVanillaEX 今日休むのはやばくない？笑,Thu Jul 05 23:34:31 +0000 2018
1022,jkj課題3までとりあえず終わった,Wed Jul 04 17:47:34 +0000 2018
1023,大数持ってきて内職するまである,Wed Jul 04 00:25:13 +0000 2018
1024,授業オナシャス,Wed Jul 04 00:18:51 +0000 2018
1025,数学やろうぜ…,Tue Jul 03 23:53:40 +0000 2018
1026,先生多くね？,Tue Jul 03 23:31:09 +0000 2018
1027,人の少ない教室ってなんかいいね,Tue Jul 03 23:23:08 +0000 2018
1028,"もうすぐ8時やん
詰んだわ",Tue Jul 03 22:52:54 +0000 2018
1029,あの衝撃をもう一度味わいたい,Tue Jul 03 22:01:53 +0000 2018
1030,リゼロみたいなアニメがみたいなー,Tue Jul 03 22:01:37 +0000 2018
1031,今日で2か3どっちか終わらせたい,Tue Jul 03 22:00:13 +0000 2018
1032,課題1だけ終わったけど割ときつかった,Tue Jul 03 21:59:16 +0000 2018
1033,魔剤キメるのもあり,Tue Jul 03 21:57:12 +0000 2018
1034,あーこんなことならjkjするべきやった,Tue Jul 03 21:56:22 +0000 2018
1035,パンでも食べるか笑,Tue Jul 03 21:50:27 +0000 2018
1036,生活習慣なおさねばやばい,Tue Jul 03 21:49:56 +0000 2018
1037,0時に寝てしまったせいで3時に目が覚めて今にいたる,Tue Jul 03 21:49:36 +0000 2018
1038,飯テロかよ…,Tue Jul 03 21:49:03 +0000 2018
1039,月、火、木が休みの春C,Mon Jul 02 04:04:14 +0000 2018
1040,春ABオワオワリ,Mon Jul 02 04:00:35 +0000 2018
1041,このまま寝やんとテスト受けるべきかどうか…,Sun Jul 01 21:54:25 +0000 2018
1042,土曜日に勉強すべきやった,Sun Jul 01 21:36:19 +0000 2018
1043,わいも聞こえんぞ,Sun Jul 01 20:36:25 +0000 2018
1044,デジタルハリウッド大学ｗｗ,Sun Jul 01 20:10:08 +0000 2018
1045,@BunnyVanillaEX 草,Sun Jul 01 20:08:40 +0000 2018
1046,腹へった,Sun Jul 01 20:07:55 +0000 2018
1047,ばにらのヘッダー画像を見て毎回飯テロをくらう,Sun Jul 01 20:07:42 +0000 2018
1048,まあやるんですけどね,Sun Jul 01 20:04:02 +0000 2018
1049,アラームの1件で完全にテ勉のやる気が削がれた,Sun Jul 01 20:03:20 +0000 2018
1050,いつも起きてるメンバーが大体いるって印象,Sun Jul 01 19:57:57 +0000 2018
1051,目覚ましをとめる音まで聞こえた,Sun Jul 01 19:54:22 +0000 2018
1052,起きたっぽいね,Sun Jul 01 19:53:09 +0000 2018
1053,止まった？,Sun Jul 01 19:51:49 +0000 2018
1054,中国語やばいい,Sun Jul 01 19:50:35 +0000 2018
1055,大学の単位って前日のテスト勉強にかかりすぎてないか？,Sun Jul 01 19:50:17 +0000 2018
1056,止まった,Sun Jul 01 19:43:28 +0000 2018
1057,宇宙兄弟のグリーンカードを思い出すねぇ…,Sun Jul 01 19:40:27 +0000 2018
1058,真下から聞こえる…,Sun Jul 01 19:39:18 +0000 2018
1059,これはきつい,Sun Jul 01 19:39:09 +0000 2018
1060,3階からっぽいな,Sun Jul 01 19:38:52 +0000 2018
1061,アラームうるせえ,Sun Jul 01 19:37:03 +0000 2018
1062,11時間、ほぼボカロしか歌ってない,Fri Jun 29 19:47:23 +0000 2018
1063,意外と余裕だった,Fri Jun 29 19:47:01 +0000 2018
1064,人生初のカラオケオール,Fri Jun 29 19:46:44 +0000 2018
1065,残り5時間ボカロ縛りしますね,Fri Jun 29 14:47:26 +0000 2018
1066,カラオケオール、半分を終えた,Fri Jun 29 14:46:23 +0000 2018
1067,@kota35292486 マ！！,Fri Jun 29 13:42:26 +0000 2018
1068,カラオケなうなう https://t.co/unps5x8YJM,Fri Jun 29 10:53:29 +0000 2018
1069,@kota35292486 1枚目！,Fri Jun 29 09:49:09 +0000 2018
1070,みんな起きはじめたな,Thu Jun 28 21:38:44 +0000 2018
1071,@BunnyVanillaEX コスト25くらいありそうやなそのスペル,Thu Jun 28 20:07:28 +0000 2018
1072,明日テストあるの地味にきつい,Thu Jun 28 20:04:22 +0000 2018
1073,"@BunnyVanillaEX マジかｗ
ばにら完全に不利じゃんｗ",Thu Jun 28 20:03:10 +0000 2018
1074,"ばにーばにらvs筑波大学っていつあるの？
てかもう始まってる？",Thu Jun 28 19:59:19 +0000 2018
1075,"後一週間で帰省できる
めっちゃ楽しみや",Thu Jun 28 19:56:32 +0000 2018
1076,オーバーロード3期に備えて2期を見直す,Thu Jun 28 19:04:40 +0000 2018
1077,夜更かし最高だわ,Wed Jun 27 22:01:26 +0000 2018
1078,"皆さんおはようございます
そしておやすみなさい",Wed Jun 27 22:00:15 +0000 2018
1079,"そろそろ寝ないと
気持ち悪くなってきた",Wed Jun 27 20:49:18 +0000 2018
1080,ずっと起きてるけど中国語全然進んでない,Wed Jun 27 20:30:10 +0000 2018
1081,シャドバのメンテナンス終わるまであと二時間,Wed Jun 27 20:00:47 +0000 2018
1082,新環境は実況動画がいっぱい出るから最高,Wed Jun 27 19:40:39 +0000 2018
1083,今日シャドバの新パックの日か,Wed Jun 27 19:40:01 +0000 2018
1084,明るくなっていく～,Wed Jun 27 19:39:34 +0000 2018
1085,3時半から勉強で,Wed Jun 27 18:05:22 +0000 2018
1086,"@BunnyVanillaEX 治験いいかもね
また何かバイトするときは俺にも教えてー",Wed Jun 27 18:01:14 +0000 2018
1087,"@BunnyVanillaEX シール貼りとか検品とかイベントスタッフとか色々
単発やから楽そうなのにいきたい",Wed Jun 27 17:57:48 +0000 2018
1088,"今から中国の公用語を日本語にしよう
そうすれば明日のテストはすべて日本語になるはず",Wed Jun 27 17:56:31 +0000 2018
1089,"@BunnyVanillaEX 春Cで登録制のバイトしやへん？
やなぎだもする的なこと言っとったんやけど",Wed Jun 27 17:54:54 +0000 2018
1090,3時からおべんつよ,Wed Jun 27 17:42:42 +0000 2018
1091,二次強すぎィ！,Wed Jun 27 17:37:32 +0000 2018
1092,春C早くきてくれ,Wed Jun 27 17:36:12 +0000 2018
1093,センター地理楽しいよ,Wed Jun 27 17:27:48 +0000 2018
1094,とりあえず親に謝って、点数言わずにそのまま寝たわ,Wed Jun 27 17:26:08 +0000 2018
1095,センター自己採点は思い出したくもない‥,Wed Jun 27 17:25:01 +0000 2018
1096,バドミントンのレポート、お前も邪魔だな,Wed Jun 27 17:24:10 +0000 2018
1097,二外マジで許さん,Wed Jun 27 17:20:09 +0000 2018
1098,本当に自慢ではないw,Wed Jun 27 17:18:21 +0000 2018
1099,自慢じゃないけどセンターリスニング20点なので中国語はNG,Wed Jun 27 17:18:05 +0000 2018
1100,7時半に寝ても4時間寝れるという事実を大切にしたい。,Wed Jun 27 17:14:47 +0000 2018
1101,マリオテニス面白そう笑,Wed Jun 27 15:28:26 +0000 2018
1102,DAMはアンチビートないからダメ,Wed Jun 27 15:25:13 +0000 2018
1103,なるほど、そういうことやったんか,Wed Jun 27 15:16:44 +0000 2018
1104,"JOYSOUNDほとんど使ったことないな
なんか音程とか見づらかった記憶がある",Wed Jun 27 15:14:57 +0000 2018
1105,@yntpass それ笑,Wed Jun 27 15:13:40 +0000 2018
1106,@parmaofnatural 神,Wed Jun 27 15:07:47 +0000 2018
1107,"@BunnyVanillaEX マジか…
まあそれは仕方ないね笑",Wed Jun 27 15:05:42 +0000 2018
1108,@yntpass やなぎだもこの前行ってたからすげー行きたくなってしまった笑,Wed Jun 27 15:04:21 +0000 2018
1109,"@parmaofnatural あざす
今度一緒にカラオケ行こうぜ",Wed Jun 27 15:03:32 +0000 2018
1110,@BunnyVanillaEX 2時くらいから勉強するから余裕や笑,Wed Jun 27 15:02:11 +0000 2018
1111,@yntpass 二外いやすぎて現実逃避してた笑,Wed Jun 27 14:58:58 +0000 2018
1112,@yntpass @BunnyVanillaEX 最高じゃねえかよ…,Wed Jun 27 14:53:08 +0000 2018
1113,カラオケで勉強は無理や,Wed Jun 27 14:52:21 +0000 2018
1114,@yntpass @BunnyVanillaEX 金曜のテスト終わってから行きたい系男子,Wed Jun 27 14:49:47 +0000 2018
1115,"90点はおろか89点すらでない…
90の壁は高い https://t.co/plddjmtljP",Wed Jun 27 14:48:10 +0000 2018
1116,二外ほんまにきつい,Wed Jun 27 13:03:47 +0000 2018
1117,"@BunnyVanillaEX おっ いいね
春Cに見てみる",Wed Jun 27 12:59:35 +0000 2018
1118,夏にfate全部見ようと思ってるけど,Wed Jun 27 12:54:49 +0000 2018
1119,正直もう見るアニメがあんまりない,Wed Jun 27 12:54:14 +0000 2018
1120,3周はした,Wed Jun 27 12:51:39 +0000 2018
1121,Charlotteは神,Wed Jun 27 12:51:18 +0000 2018
1122,"@yntpass @BunnyVanillaEX 初めて10分くらいでやる気失ってやめたよ笑
逆に俺が見せてほしいわ笑",Wed Jun 27 12:48:16 +0000 2018
1123,これでモチベが保てるはず…,Wed Jun 27 12:40:35 +0000 2018
1124,とりあえず、いーあるふぁんくらぶを聴いて中国語のモチベをあげることにしよう,Wed Jun 27 12:39:50 +0000 2018
1125,CD聴いとるとイライラしてくる、どうちがうねんこれ,Wed Jun 27 12:39:00 +0000 2018
1126,@BunnyVanillaEX おけ,Wed Jun 27 12:32:47 +0000 2018
1127,@BunnyVanillaEX 教科書についとったCD聞いてそれを書き写してるよ,Wed Jun 27 12:31:12 +0000 2018
1128,俺は中国語やるために大学に来たんじゃないはず、おかしい,Wed Jun 27 12:30:04 +0000 2018
1129,二外くたばれ,Wed Jun 27 12:29:03 +0000 2018
1130,中国語と英語が順調に進んだら,Wed Jun 27 08:59:14 +0000 2018
1131,今日俺も深夜のヒトカラ行ってこよかな…,Wed Jun 27 08:58:57 +0000 2018
1132,コンビニまで買いに行くか,Wed Jun 27 06:45:23 +0000 2018
1133,みんな飲みすぎだろ,Wed Jun 27 06:45:06 +0000 2018
1134,中央図書館前の自販機の魔剤売り切れとるやんけ！,Wed Jun 27 06:44:56 +0000 2018
1135,明日テスト10時からという神対応,Tue Jun 26 19:59:09 +0000 2018
1136,ばにらから絶起するなよってLINEがきたので寝ますｗ,Tue Jun 26 19:33:05 +0000 2018
1137,マジで生きがい,Tue Jun 26 19:15:49 +0000 2018
1138,もうすぐ7月、もうすぐオーバーロード3期,Tue Jun 26 19:15:24 +0000 2018
1139,蝉がうるさい、夏だね,Tue Jun 26 19:10:07 +0000 2018
1140,Cきたら泣いて喜ぶレベル,Tue Jun 26 05:04:24 +0000 2018
1141,今日の1限は帰るためにあるよ,Mon Jun 25 23:52:30 +0000 2018
1142,"@yntpass 50点なかったら落単の可能性大やから
勉強した方がいいかもね笑",Mon Jun 25 18:25:11 +0000 2018
1143,授業終わってから宿舎帰るの割ときついんですよねえ…,Mon Jun 25 18:24:17 +0000 2018
1144,@yntpass JKはまあなんとかなるから大丈夫やで笑,Mon Jun 25 18:22:24 +0000 2018
1145,"授業に出ないから楽
宿舎だから昼飯代が浮く
ud概論の勉強ができる

明日の図概休むの一石三鳥や笑",Mon Jun 25 18:21:19 +0000 2018
1146,@yntpass とりあえず今日はもう寝とけよ笑,Mon Jun 25 18:19:53 +0000 2018
1147,@BunnyVanillaEX @yntpass 9時に宿舎の談話室やな,Mon Jun 25 18:18:23 +0000 2018
1148,"@yntpass いいね笑
マジか俺全く書ける気がしやんからけっこう焦っとる笑",Mon Jun 25 18:17:52 +0000 2018
1149,"@yntpass 明日朝から宿舎で勉強しないか？
図概の出席だけとってから",Mon Jun 25 18:15:42 +0000 2018
1150,@BunnyVanillaEX おう,Mon Jun 25 18:14:09 +0000 2018
1151,@BunnyVanillaEX まあ無理っぽいな…,Mon Jun 25 18:08:04 +0000 2018
1152,水曜に必ずやるやる,Mon Jun 25 18:06:34 +0000 2018
1153,クラ連会の資料週末に終わらせるって言ったのにまだ終わってねえ…,Mon Jun 25 18:06:21 +0000 2018
1154,@BunnyVanillaEX 今日はもう早めに寝て、明日の朝すればいい気がしてきた…,Mon Jun 25 18:04:54 +0000 2018
1155,今日は会う人全員が「ud概論やってない、やばい」的なこと言ってたな…,Mon Jun 25 16:33:22 +0000 2018
1156,アセンブラでアセンブリをアセンブルするのか,Mon Jun 25 12:36:16 +0000 2018
1157,@yntpass 9時になったんで図書館もどります笑,Mon Jun 25 12:01:47 +0000 2018
1158,@yntpass まぁ俺も4時くらいまではするかも笑,Mon Jun 25 11:58:10 +0000 2018
1159,急に噴き出してびびった https://t.co/TkmanJXYjw,Mon Jun 25 11:57:44 +0000 2018
1160,@yntpass もうノー勉でいこう！,Mon Jun 25 11:56:06 +0000 2018
1161,あーテストきつい,Mon Jun 25 11:54:36 +0000 2018
1162,目の前の池に飛び込みたくなってきた,Mon Jun 25 11:54:25 +0000 2018
1163,"@yntpass 9時からするよ
てかやなぎだに言われたくねーわ笑笑",Mon Jun 25 11:53:03 +0000 2018
1164,中央図書館5時くらいまで開けてくれ,Mon Jun 25 11:51:32 +0000 2018
1165,9時から勉強再開するか〜,Mon Jun 25 11:51:02 +0000 2018
1166,芝で1人で寝てる,Mon Jun 25 11:50:49 +0000 2018
1167,"@yntpass 地元か笑
ちゃんと勉強しろよー笑",Mon Jun 25 07:09:36 +0000 2018
1168,@yntpass 何時までおんの？？,Mon Jun 25 06:54:24 +0000 2018
1169,早く書いて寝たい,Mon Jun 25 01:36:30 +0000 2018
1170,出席票くれ,Mon Jun 25 01:36:12 +0000 2018
1171,帰っていいか,Mon Jun 25 01:34:44 +0000 2018
1172,出席票なくね？病理,Mon Jun 25 01:34:27 +0000 2018
1173,今回が今までで一番早く終わった気がする,Mon Jun 25 00:12:58 +0000 2018
1174,生物に学ぶのレポート終わり〜,Mon Jun 25 00:12:20 +0000 2018
1175,@irizon_klis 1、2限で,Sun Jun 24 23:42:40 +0000 2018
1176,@irizon_klis 昨日の夜中キメたからめちゃくちゃ眠い,Sun Jun 24 23:41:49 +0000 2018
1177,今気づいたけど、この時間まで起きてるのに日付変わってから勉強してない,Sun Jun 24 19:48:04 +0000 2018
1178,早朝の芝楽しそう,Sun Jun 24 19:42:25 +0000 2018
1179,はやく終わらねえかな〜,Sun Jun 24 19:41:53 +0000 2018
1180,テスト終わってからやりたいことが多すぎる,Sun Jun 24 19:41:45 +0000 2018
1181,今日は魔剤キメたからなんも眠くない,Sun Jun 24 19:26:55 +0000 2018
1182,知識とは何か…知識とは何か…,Sun Jun 24 19:25:28 +0000 2018
1183,5時頃にならんと眠くならない,Sat Jun 23 18:39:14 +0000 2018
1184,明日朝から勉強しようと思ったけど無理だ,Sat Jun 23 18:38:58 +0000 2018
1185,カラオケ行きたい欲がやばい,Sat Jun 23 18:38:36 +0000 2018
1186,@BunnyVanillaEX おけｗ,Fri Jun 22 01:23:18 +0000 2018
1187,@BunnyVanillaEX まだ今から来れば間に合うぞｗ,Fri Jun 22 01:16:42 +0000 2018
1188,@BunnyVanillaEX さすがにやばくね？,Fri Jun 22 01:10:14 +0000 2018
1189,@yntpass @BunnyVanillaEX おけ！,Thu Jun 21 23:24:13 +0000 2018
1190,ud概論…,Thu Jun 21 19:14:44 +0000 2018
1191,夏至昨日やったんか〜,Thu Jun 21 19:14:16 +0000 2018
1192,夏っぽくていい曲,Thu Jun 21 19:08:06 +0000 2018
1193,ただ君に晴れ,Thu Jun 21 19:07:49 +0000 2018
1194,"明日jkj最終回か
感慨深いものがある",Thu Jun 21 18:56:59 +0000 2018
1195,夜飯食ってなくてお菓子ばっか食べとったら余計腹減ってきた,Thu Jun 21 16:40:26 +0000 2018
1196,@parmaofnatural やっぱそうやよなｗ,Thu Jun 21 15:45:13 +0000 2018
1197,"@parmaofnatural また秋くらいにバイトするかもやけど
しばらくは働きたくないねえ",Thu Jun 21 15:40:22 +0000 2018
1198,@BunnyVanillaEX おう！,Thu Jun 21 15:39:22 +0000 2018
1199,"@BunnyVanillaEX おっけ！
土日のどっちかでやろ！",Thu Jun 21 15:37:44 +0000 2018
1200,"@parmaofnatural あざーす
やめること言うのめっちゃ緊張したわｗ",Thu Jun 21 15:36:42 +0000 2018
1201,バイト無事やめることができたからよかった,Thu Jun 21 15:33:43 +0000 2018
1202,@yntpass 理解してるかどうかは別w,Wed Jun 20 02:04:06 +0000 2018
1203,授業もうちょっと早く,Wed Jun 20 01:34:39 +0000 2018
1204,課題5なに書けばいいの,Tue Jun 19 11:51:50 +0000 2018
1205,"450g
今日こそは食べきる https://t.co/BIvByQ3qwz",Tue Jun 19 09:13:24 +0000 2018
1206,仮想生物の進化実験的な,Tue Jun 19 05:15:06 +0000 2018
1207,創発性の研究をしたいと思っていた時期が俺にもあった,Tue Jun 19 05:12:44 +0000 2018
1208,創発性,Tue Jun 19 05:12:13 +0000 2018
1209,社会の小さな歯車になってくる,Mon Jun 18 08:25:51 +0000 2018
1210,6時から労働者,Mon Jun 18 08:25:33 +0000 2018
1211,病理休講っぽいけど150人はおるやろこれ,Mon Jun 18 01:07:34 +0000 2018
1212,三重は震度2らしくてとりあえず安心,Mon Jun 18 00:02:03 +0000 2018
1213,"関西マジでやばいな
実家は大丈夫なのか…",Sun Jun 17 23:59:47 +0000 2018
1214,@parmaofnatural これで絶起したらさすがに笑うｗ,Sun Jun 17 19:33:53 +0000 2018
1215,"@parmaofnatural あーでもそれは経験的にわかるかも
5時になったらさすがに寝るか",Sun Jun 17 19:29:57 +0000 2018
1216,今日の英語マジでしんどいやつ,Sun Jun 17 19:28:24 +0000 2018
1217,今週は休講が3つもあるとか最高か,Sun Jun 17 19:25:08 +0000 2018
1218,"@parmaofnatural ノンレム睡眠か〜
まぁそれもありではあるけど起きれる自信が皆無",Sun Jun 17 19:22:27 +0000 2018
1219,"@parmaofnatural 天才かよ
これオールするのが賢い選択なのか…",Sun Jun 17 19:18:47 +0000 2018
1220,@parmaofnatural 明日の1限の出席、厳しいですねぇ,Sun Jun 17 19:16:11 +0000 2018
1221,当たり前のようにブロリー起きてて笑う,Sun Jun 17 19:15:05 +0000 2018
1222,"@parmaofnatural 割とマジで最近眠くならん
そしてこの時間にはツイートしたくなる",Sun Jun 17 19:14:27 +0000 2018
1223,jkjやらないとまだ課題1しかやってへん,Sun Jun 17 19:13:30 +0000 2018
1224,スプラトゥーンを7月から始めるのはありかなしか,Sun Jun 17 19:12:01 +0000 2018
1225,"スマブラの実況見てる
誰か面白い人おらんかな",Sat Jun 16 19:29:26 +0000 2018
1226,バイトを初めて(2日間)、働かないことの素晴らしいさと仕送りで生活する喜びを学んだ,Thu Jun 14 19:38:44 +0000 2018
1227,春Cはバイトガチろうと思っとったけど、廃人になる,Thu Jun 14 19:34:45 +0000 2018
1228,Wiiのスマブラで特訓する,Thu Jun 14 19:34:14 +0000 2018
1229,テスト終わったらテレビを買う、帰省してからPS4とWiiを宿舎に持ち込む,Thu Jun 14 19:33:48 +0000 2018
1230,やからこんな時間まで起きてしまう,Thu Jun 14 19:32:29 +0000 2018
1231,それが1番辞めたい理由,Thu Jun 14 19:32:18 +0000 2018
1232,バイトで自分の時間が失われとるという感覚がやばい,Thu Jun 14 19:32:07 +0000 2018
1233,まぁ春ABに授業多かったってのはわかってるけど,Thu Jun 14 19:31:39 +0000 2018
1234,"春C授業ない学類羨ましい
夏休み3ヶ月やんけ",Thu Jun 14 19:31:15 +0000 2018
1235,jkj 絶起 回避,Thu Jun 14 19:18:54 +0000 2018
1236,"@parmaofnatural それならええかｗ
俺明日一限あるからそろそろ寝ますわ",Thu Jun 14 19:17:28 +0000 2018
1237,"雨かよ〜
明日昼から本学やからだるいな",Thu Jun 14 19:14:19 +0000 2018
1238,"@parmaofnatural 辞める勇気でたわありがとう
てかたまにははよ寝ろやｗ",Thu Jun 14 19:13:30 +0000 2018
1239,"@parmaofnatural なるほどね
俺ラーメン屋で働いたけど2日で限界きてしまったわ",Thu Jun 14 19:09:31 +0000 2018
1240,"@parmaofnatural ワロタ
期間はどれくらいやったの？あと出来ればどんな感じで辞めたか教えてクレメンス",Thu Jun 14 19:05:11 +0000 2018
1241,バイト 登録制 メリット,Thu Jun 14 19:01:59 +0000 2018
1242,"@parmaofnatural やあブロリー
ブロリーも何かバイトしとるの？",Thu Jun 14 18:59:05 +0000 2018
1243,家庭教師絶対嫌やと思っとったけど、したくなってきた,Thu Jun 14 18:57:43 +0000 2018
1244,バイト最近始めたけど、今月で辞めそう,Thu Jun 14 18:57:09 +0000 2018
1245,最近4時までに寝ればいいという謎のルールが自分の中でできた,Thu Jun 14 18:56:45 +0000 2018
1246,@parmaofnatural 割と寝とるんやなｗ,Tue Jun 12 23:56:00 +0000 2018
1247,"@parmaofnatural 起きとるんかｗ
今日は何分寝たの？？",Tue Jun 12 23:44:12 +0000 2018
1248,@parmaofnatural ブロリーには言われたくねぇよｗｗ,Tue Jun 12 23:40:47 +0000 2018
1249,朝がきたから寝る,Tue Jun 12 20:05:50 +0000 2018
1250,@BunnyVanillaEX いいね！,Tue Jun 12 18:16:34 +0000 2018
1251,夏休みにSwitch買うか迷ってたけど、これで買うことが決定したから良い,Tue Jun 12 18:12:17 +0000 2018
1252,"@BunnyVanillaEX もちろん
まだまだ先の話ではあるけど",Tue Jun 12 18:11:12 +0000 2018
1253,@BunnyVanillaEX オールするぞ！,Tue Jun 12 18:07:36 +0000 2018
1254,これはSwitch買うしかねぇな,Tue Jun 12 18:04:53 +0000 2018
1255,新しいスマブラ、全キャラ＋8人対戦とか激アツ,Tue Jun 12 18:04:34 +0000 2018
1256,もはや歌ではない,Tue Jun 12 11:58:52 +0000 2018
1257,リンちゃんなう初めて歌ったけど、ただ喋ってるだけみたいになったｗ,Tue Jun 12 11:58:33 +0000 2018
1258,RT @BunnyVanillaEX: ファーｗｗｗｗｗｗｗｗｗｗ https://t.co/NbcTezdVae,Tue Jun 12 11:57:52 +0000 2018
1259,ふかみがボカロ履修してきたみたいで嬉しい！ https://t.co/2XIxSORyCf,Tue Jun 12 10:43:59 +0000 2018
1260,龍郎3回目〜 https://t.co/9nFFiywGB3,Tue Jun 12 09:24:33 +0000 2018
1261,初バイト6時間で死んだ,Mon Jun 11 15:25:30 +0000 2018
1262,"ブロリー常に起きとるよな
いつ寝とるんや",Sun Jun 10 20:59:48 +0000 2018
1263,なんかひっさしぶりにTwitter見た気がする,Sun Jun 10 20:56:14 +0000 2018
1264,グダりすぎた,Sun Jun 10 20:56:03 +0000 2018
1265,図概終わってこの時間かよ…,Sun Jun 10 20:55:51 +0000 2018
1266,@BunnyVanillaEX さすがやｗ,Fri Jun 08 07:19:39 +0000 2018
1267,@BunnyVanillaEX もう英語ビンゴした？？,Fri Jun 08 07:17:02 +0000 2018
1268,こういうので全く盛り上がれない,Wed Jun 06 04:15:27 +0000 2018
1269,マジで帰りたい…,Wed Jun 06 04:15:13 +0000 2018
1270,今日のはマジで面倒らしい,Wed Jun 06 03:01:41 +0000 2018
1271,今からカレーつくろうとしとる奴がおってワロタ,Tue Jun 05 19:03:39 +0000 2018
1272,いい曲,Fri Jun 01 11:57:29 +0000 2018
1273,6月になった瞬間に、とても素敵な六月でしたを聴いてしまった…,Fri Jun 01 11:57:21 +0000 2018
1274,新しくできた清六家行ってきた https://t.co/kotvU35Dpq,Fri Jun 01 11:54:30 +0000 2018
1275,@irizon_klis やめてくれ…,Thu May 31 07:32:58 +0000 2018
1276,英語全く終わる気がしない,Wed May 30 14:58:20 +0000 2018
1277,RT @yntpass: ウェイ https://t.co/CyoET6PHrM,Wed May 30 04:33:36 +0000 2018
1278,jkjで頭がおかしくなった人達 https://t.co/KfVCByUKw1,Mon May 28 09:11:01 +0000 2018
1279,ピースサインいいね〜,Sat May 26 10:05:59 +0000 2018
1280,ゆかこんすでに人めっちゃおるw,Sat May 26 09:57:51 +0000 2018
1281,"@irizon_klis 英語やでー
すまん先生に聞くの忘れたからまた詳細言うわ",Fri May 25 07:38:11 +0000 2018
1282,@irizon_klis 600文字ですねww,Fri May 25 06:28:07 +0000 2018
1283,英語でズートピア見ます〜(C1),Fri May 25 06:18:17 +0000 2018
1284,HUNTER×HUNTER芸人！！,Thu May 24 17:44:52 +0000 2018
1285,松辰で食べるー https://t.co/LQUmBwBf8s,Tue May 22 11:17:06 +0000 2018
1286,klisでカラオケ〜 https://t.co/IgDXselux6,Tue May 22 07:46:06 +0000 2018
1287,二限はさすがに無理,Tue May 22 01:05:07 +0000 2018
1288,月曜昼芝安定,Mon May 21 02:47:06 +0000 2018
1289,寝れへん,Fri May 18 15:25:41 +0000 2018
1290,"5階マジでうるさい
4階つらい",Fri May 18 15:25:17 +0000 2018
1291,あれのサッカーはグロかった,Fri May 18 14:31:50 +0000 2018
1292,ブレーキがなぜか一番印象に残ってる,Fri May 18 14:31:37 +0000 2018
1293,山田悠介面白いわかりすぎる,Fri May 18 14:28:17 +0000 2018
1294,RT @yntpass: 綺麗だ https://t.co/4kD4xDIyXq,Fri May 18 05:14:40 +0000 2018
1295,@BunnyVanillaEX 付き合ってからも面白いのはかなりレアケース,Fri May 18 05:10:22 +0000 2018
1296,"初スタバ
取り方が下手すぎる笑 https://t.co/zvNoicfDk9",Fri May 18 04:51:04 +0000 2018
1297,@BunnyVanillaEX 付き合うまでが最高に面白かった笑,Fri May 18 04:15:46 +0000 2018
1298,"@BunnyVanillaEX ゲーマーズか
あれ面白いよね",Fri May 18 03:02:01 +0000 2018
1299,@BunnyVanillaEX 何のアニメ？？,Fri May 18 02:12:52 +0000 2018
1300,今日全休や笑,Thu May 17 03:18:37 +0000 2018
1301,中国語休講かよー,Thu May 17 03:18:28 +0000 2018
1302,書くことがない…,Mon May 14 01:53:39 +0000 2018
1303,否定してばっかやなこの講義,Mon May 14 01:53:01 +0000 2018
1304,やなぎだ明日マジで起こしてくれよ俺は今から寝る,Sun May 13 19:41:09 +0000 2018
1305,外もう明るくなってきた,Sun May 13 19:12:47 +0000 2018
1306,眠くない,Sun May 13 18:38:15 +0000 2018
1307,虚無,Sun May 13 18:37:52 +0000 2018
1308,英語の予習〜,Sun May 13 16:16:36 +0000 2018
1309,この時間に勉強してると受験期を思いだす,Sun May 13 16:16:24 +0000 2018
1310,"@yntpass 全然ええよ笑
午後からでも機室来れへんの？",Sun May 13 02:12:00 +0000 2018
1311,@yntpass どういうことやねん笑,Sun May 13 01:47:12 +0000 2018
1312,機室に1人で来るの何気初めてかもしれん,Sat May 12 10:43:19 +0000 2018
1313,シャドバ実況動画鑑賞会,Sat May 12 07:46:30 +0000 2018
1314,@you_klis 機室なうやよー,Sat May 12 05:08:56 +0000 2018
1315,@you_klis 1の途中で止まって、2、3、4が終わって5してるとこやよ,Sat May 12 04:54:48 +0000 2018
1316,"@you_klis やっぱ入れないよな〜
マジで辛い",Sat May 12 04:44:53 +0000 2018
1317,(´Д｀)ﾊｧ… https://t.co/jwkzIl2iJ0,Sat May 12 04:38:14 +0000 2018
1318,チキンオーバーライス食べた4人全員ツイートしててワロタ,Sat May 12 04:01:01 +0000 2018
1319,"@Fukukazu373 マジか…
りょーかいです",Sat May 12 03:54:59 +0000 2018
1320,@Fukukazu373 いつ頃から入れないの？,Sat May 12 03:49:34 +0000 2018
1321,"CiNiiアクセスできやん
もうやる気なくなったわ",Sat May 12 03:49:03 +0000 2018
1322,今からjkjと図書館概論のレポート…,Sat May 12 03:24:41 +0000 2018
1323,機室到着〜,Sat May 12 03:24:20 +0000 2018
1324,初めてたべる！！ https://t.co/49XfcS9zsO,Sat May 12 02:39:16 +0000 2018
1325,@parmaofnatural なんか草,Wed May 09 12:43:37 +0000 2018
1326,"@parmaofnatural 軽々しくツイ廃にはなれないのね
ツイ廃ってすげーよ",Wed May 09 12:37:39 +0000 2018
1327,"@parmaofnatural それだけは勘弁してくれ…
てか、irizonがかわいそうw",Wed May 09 12:33:46 +0000 2018
1328,@parmaofnatural やっぱやばい奴だったわ……,Wed May 09 12:23:07 +0000 2018
1329,@parmaofnatural ブロリーはおもろいからしないよ,Wed May 09 12:16:17 +0000 2018
1330,水同にブロリー,Wed May 09 11:53:37 +0000 2018
1331,見るのは超楽しい,Tue May 08 13:41:08 +0000 2018
1332,人狼J、実況は最近よく見るけど実際にしたことないな,Tue May 08 13:40:45 +0000 2018
1333,@BunnyVanillaEX @irizon_klis 楽しみにしてるわw,Tue May 08 04:59:20 +0000 2018
1334,@irizon_klis 6時頃に今起きたってツイートすると予想,Tue May 08 04:57:16 +0000 2018
1335,@irizon_klis 4限目は家で寝るってw,Tue May 08 04:54:10 +0000 2018
1336,国語は昔からカスやった,Tue May 08 03:59:54 +0000 2018
1337,プロジェクターが使えないと見せかけて講義をしない教授の粋なはからい,Mon May 07 00:00:45 +0000 2018
1338,出席だけとって休講にしよう,Sun May 06 23:58:51 +0000 2018
1339,教授もまだGW気分,Sun May 06 23:56:19 +0000 2018
1340,講義始まるの遅い,Sun May 06 23:51:25 +0000 2018
1341,あぶなかった…,Sun May 06 23:45:40 +0000 2018
1342,やなぎだの電話がなかったら死んでた,Sun May 06 23:45:23 +0000 2018
1343,絶起しかけた,Sun May 06 23:45:04 +0000 2018
1344,TXに乗ってしまった…,Sun May 06 12:35:35 +0000 2018
1345,まぁいいか,Sun May 06 04:32:34 +0000 2018
1346,明日の英語の予習あった気がする,Sun May 06 04:32:23 +0000 2018
1347,"@you_klis @BunnyVanillaEX 3.4クラは8日だった気が
間違ってたらすまん",Sun May 06 04:27:39 +0000 2018
1348,つくばっくとか誰得やねん,Sun May 06 04:26:16 +0000 2018
1349,新幹線15分遅れかよ〜,Sun May 06 03:59:12 +0000 2018
1350,高校の友達とボカロカラオケしてきた,Sat May 05 08:11:33 +0000 2018
1351,ロストワンで90超えたらマジでかっこいいよね,Sat May 05 08:06:11 +0000 2018
1352,"つい伊勢神宮に来てしまう
人多い https://t.co/LV7xaZVvR6",Sat May 05 04:19:16 +0000 2018
1353,マジで実家最高すぎるわ,Fri May 04 15:34:04 +0000 2018
1354,姉の名字がいつの間にか変わってて草,Fri May 04 15:33:04 +0000 2018
1355,ボカロカラオケマジで行きたかった〜,Thu May 03 14:01:28 +0000 2018
1356,@yntpass おっけー笑,Thu May 03 03:37:40 +0000 2018
1357,1ヶ月ぶりの伊勢 https://t.co/sN0UDbG4JE,Wed May 02 13:57:51 +0000 2018
1358,1時間暇をつぶせる何かがほしい,Wed May 02 07:17:50 +0000 2018
1359,帰省に1万2千円,Wed May 02 06:59:36 +0000 2018
1360,新幹線の自由席カオスやな,Wed May 02 06:58:46 +0000 2018
1361,"@BunnyVanillaEX マジか笑
あざっす！！",Wed May 02 03:02:49 +0000 2018
1362,@BunnyVanillaEX 俺ライブコンテンツ論とってないし、そもそも午後から帰省するから無理そうだね笑,Wed May 02 02:49:09 +0000 2018
1363,"@BunnyVanillaEX やっぱり絶起したか笑
ドクペで笑",Wed May 02 02:24:03 +0000 2018
1364,暑すぎる,Wed May 02 01:13:31 +0000 2018
1365,"@BunnyVanillaEX さすがに寝るか笑
おやすみ〜",Tue May 01 18:17:49 +0000 2018
1366,"@BunnyVanillaEX 正直やばい…
絶起ワンチャンある",Tue May 01 18:14:09 +0000 2018
1367,@BunnyVanillaEX オールしたら1限に間に合うんじゃね？,Tue May 01 18:09:05 +0000 2018
1368,ふかみこの時間に起きてるってことは明日は100%絶起でしょ,Tue May 01 18:06:13 +0000 2018
1369,@BunnyVanillaEX はいはいはい！,Tue May 01 17:40:55 +0000 2018
1370,やなぎだが倒れた,Tue May 01 01:55:02 +0000 2018
1371,知識情報概論以外で,Tue May 01 01:32:26 +0000 2018
1372,板書の授業受けたい,Tue May 01 01:31:56 +0000 2018
1373,@35_tat いえいえー,Tue May 01 01:30:10 +0000 2018
1374,@35_tat 5月22日ですよー,Tue May 01 01:27:53 +0000 2018
1375,図書館概論のレポートかける気がしない,Tue May 01 01:15:38 +0000 2018
1376,@yntpass すまねえ,Fri Apr 27 07:06:07 +0000 2018
1377,@yntpass 多分春日帰っとるかも,Fri Apr 27 06:34:44 +0000 2018
1378,@yntpass 教科書ないから今から買いにいけやって笑笑,Fri Apr 27 06:31:34 +0000 2018
1379,英語C1の授業、15分で終了,Fri Apr 27 06:30:23 +0000 2018
1380,今日はいいことあったね,Wed Apr 25 13:48:12 +0000 2018
1381,@you_klis 俺も行きたかったよー笑,Wed Apr 25 12:56:54 +0000 2018
1382,ゴールデンカムイおもしろい,Tue Apr 24 17:17:11 +0000 2018
1383,今起きた,Tue Apr 24 04:17:19 +0000 2018
1384,ほとんどの人講義聞いてないでしょこれ,Tue Apr 24 04:17:00 +0000 2018
1385,RT @kossi_klis: 犯人はヤス,Tue Apr 24 03:37:24 +0000 2018
1386,@BunnyVanillaEX さすがやわ笑,Tue Apr 24 02:12:55 +0000 2018
1387,今日絶対ふかみ来てないだろ,Tue Apr 24 00:22:17 +0000 2018
1388,血圧測るの2回失敗して死にてえ,Tue Apr 24 00:20:07 +0000 2018
1389,まぁ明日の3、4限目は寝るから寝不足でもおけ,Mon Apr 23 19:01:53 +0000 2018
1390,気がついたらこんな時間,Mon Apr 23 19:00:55 +0000 2018
1391,多分12時くらいまで,Mon Apr 23 12:44:20 +0000 2018
1392,"RT @Tsukuba_Rap: 今日の22時からサイファーやろうと思います〜〜
松美池前です！！！
寒そう！！",Mon Apr 23 12:43:59 +0000 2018
1393,@yntpass ちょっと早いけど8時宿舎かな,Mon Apr 23 11:49:51 +0000 2018
1394,@yntpass 一緒に行こうぜー,Mon Apr 23 11:48:03 +0000 2018
1395,@yntpass おっけ！,Mon Apr 23 09:03:03 +0000 2018
1396,帰ってきたら部屋にエアコンが設置されてた,Mon Apr 23 07:05:03 +0000 2018
1397,初芝充,Mon Apr 23 02:50:39 +0000 2018
1398,ツイートした瞬間にアイル㌧からファボくるの草,Mon Apr 23 01:36:40 +0000 2018
1399,病理普通に面白い,Mon Apr 23 01:35:21 +0000 2018
1401,@BunnyVanillaEX おつかれです,Sun Apr 22 13:38:08 +0000 2018
1402,@yntpass あざす,Sun Apr 22 13:37:57 +0000 2018
1403,英語Cクラスは第二外国語免除してくれ,Sun Apr 22 13:37:45 +0000 2018
1404,明日授業めんどい,Sun Apr 22 13:37:08 +0000 2018
1405,ふかみと柳田がギブしてから7曲連続歌って無事死亡,Sun Apr 22 13:36:43 +0000 2018
1406,宿舎の枕はかたすぎ,Sun Apr 22 12:31:39 +0000 2018
1407,今日は実家から枕が届いたから快眠のはず,Sun Apr 22 12:31:23 +0000 2018
1408,今日は寝れないなこれ,Sun Apr 22 12:30:37 +0000 2018
1409,"RT @mokouliszt: 今日夜にシャドバのグランプリ決勝とグラマス行くまで寝れない配信やります
時間は未定やけど21時くらい https://t.co/wlrWSssXtJ",Sun Apr 22 12:30:16 +0000 2018
1410,@ayrton_klis18 @you_klis 多分同じとこおるw,Sun Apr 22 12:13:37 +0000 2018
1411,@you_klis ワイも今バンバンおるで,Sun Apr 22 12:12:16 +0000 2018
1412,@you_klis どこのカラオケ？,Sun Apr 22 12:01:00 +0000 2018
1413,@irizon_klis @BunnyVanillaEX なら明日の4限目終わってからは？,Sun Apr 22 07:41:53 +0000 2018
1414,@BunnyVanillaEX 今日はさすがに無理？笑,Sun Apr 22 07:36:24 +0000 2018
1415,@BunnyVanillaEX 柳田も行くって,Sun Apr 22 07:35:59 +0000 2018
1416,@BunnyVanillaEX 行こうぜ,Sun Apr 22 07:24:33 +0000 2018
1417,@you_klis レポートがだるすぎる笑(親方のは俺にもわからん…),Sat Apr 21 07:53:51 +0000 2018
1418,jkj発狂しそう,Sat Apr 21 07:50:50 +0000 2018
1419,1箇所jが足りない,Sat Apr 21 07:50:12 +0000 2018
1420,jkjjkjjkjjkjjkjjkjjkjjkjjkjjkjjkjjkjjkjjkj jkjjkjjkjjkjjkjjkjjkjjkjjkjjkjjkjjkjjkjjkj jkjjkjjkjjkjjkjjkjjkjjkjjkjjk… https://t.co/w2dueXu426,Sat Apr 21 07:49:53 +0000 2018
1421,"春日BBQ楽しかったです
ありがとうございました！",Sat Apr 21 07:45:28 +0000 2018
1422,jkjもう無理。,Sat Apr 21 07:36:51 +0000 2018
1423,ボカロ〜,Sat Apr 21 05:23:14 +0000 2018
1424,@yntpass おけ,Fri Apr 20 14:38:55 +0000 2018
1425,@yntpass バーベキュー行こよー,Fri Apr 20 14:29:48 +0000 2018
1426,これは黄金ムーブ,Fri Apr 20 07:20:22 +0000 2018
1427,生物に学ぶと心の構造と病理、無事当選,Fri Apr 20 07:20:00 +0000 2018
1428,"@oo0sphere0oo おーマジか
ありがとう！",Fri Apr 20 07:19:09 +0000 2018
1429,総合科目の抽選の結果ってどうやったらわかるの？,Fri Apr 20 07:06:46 +0000 2018
1430,明日は唯一1限目が空きコマ,Wed Apr 18 17:24:14 +0000 2018
1431,つくばに来てから唇の乾燥がヤバい,Wed Apr 18 17:23:38 +0000 2018
1432,今日は色々楽しかった,Wed Apr 18 15:14:22 +0000 2018
1433,"帰宅ー
今から初めて宿舎のシャワーを使う",Wed Apr 18 15:13:58 +0000 2018
1434,2限目と4限目は完全に睡眠に費やしてしまった,Tue Apr 17 16:34:57 +0000 2018
1435,授業中寝すぎたせいで寝れない…,Tue Apr 17 16:34:22 +0000 2018
1436,不正入学しました(C1),Tue Apr 17 07:44:04 +0000 2018
1437,RT @choco_mint0u0: ？？？「前期勢でCクラは不正入学」,Tue Apr 17 07:43:29 +0000 2018
1438,C1でしたー,Tue Apr 17 06:17:28 +0000 2018
1439,明日フルコマ…,Mon Apr 16 13:13:34 +0000 2018
1440,印刷できへんやんけ,Fri Apr 13 07:37:29 +0000 2018
1441,@yntpass おっけーよ,Thu Apr 12 15:14:59 +0000 2018
1442,"@yntpass これのこと
わからんだらまた明日教えるよ https://t.co/exLkBinXcT",Thu Apr 12 15:11:04 +0000 2018
1443,テンプレどうりに履修組んだら39単位になった,Thu Apr 12 13:40:29 +0000 2018
1444,@yntpass びみょー笑,Thu Apr 12 12:03:39 +0000 2018
1445,@yntpass 何か一緒のやつ多いなw,Thu Apr 12 08:15:19 +0000 2018
1446,体育バドミントン,Thu Apr 12 07:32:05 +0000 2018
1447,@yntpass 俺もバドやったで,Thu Apr 12 07:31:36 +0000 2018
1448,"@irizonm @melon62klis @Bigmelon_Legend プリント見てたら16日にガイダンスっぽい
第二外国語が分からん…",Wed Apr 11 08:15:31 +0000 2018
1449,@irizonm @Bigmelon_Legend 外国語はあるの？？,Wed Apr 11 08:12:20 +0000 2018
1450,総合科目Ⅱで何かおすすめってありますか？？,Tue Apr 10 12:36:05 +0000 2018
1451,実際やってたのは9時頃ですよ,Sat Apr 07 15:33:35 +0000 2018
1452,授業始まったらこういうのも減るんだろうな〜,Sat Apr 07 15:31:51 +0000 2018
1453,2回目の自炊会はカレーでした https://t.co/qeFi3eU7b0,Sat Apr 07 15:31:26 +0000 2018
1454,1時間泳いだけど腕がやばい,Sat Apr 07 06:28:02 +0000 2018
1455,4クラです、よろしく〜,Fri Apr 06 08:18:21 +0000 2018
1456,前の垢もあると色々面倒だから前の垢消しますね,Thu Apr 05 14:57:53 +0000 2018
1457,"klisで活龍！
初エンカ！ https://t.co/nJodCzt867",Wed Apr 04 11:25:16 +0000 2018
1458,"@plopplopk ありました〜
ありがとうございます！！！！",Wed Apr 04 07:53:46 +0000 2018
1459,WiFiのパスワードってどこにあるんや…,Wed Apr 04 07:17:58 +0000 2018
1460,部屋片付かへん…,Wed Apr 04 06:37:14 +0000 2018
1461,完全にやる気を失った,Wed Apr 04 06:36:50 +0000 2018
1462,"@you_klis ありがとう！
無事終わりました〜",Wed Apr 04 03:32:22 +0000 2018
1463,やっとつくばエクスプレス,Wed Apr 04 00:39:26 +0000 2018
1464,入居の手続きって何分くらいかかる？,Wed Apr 04 00:21:54 +0000 2018
1465,品川駅人多すぎる,Wed Apr 04 00:14:25 +0000 2018
1466,このまま名大行きてえよ…,Tue Apr 03 22:17:31 +0000 2018
1467,これから新幹線乗って東京へ,Tue Apr 03 22:17:04 +0000 2018
1468,名古屋到着〜,Tue Apr 03 22:16:49 +0000 2018
1469,カラオケ行きたすぎる,Tue Apr 03 21:59:20 +0000 2018
1470,オリエンテーション多くね？,Tue Apr 03 12:14:23 +0000 2018
1471,協会ビショ強すぎ笑,Tue Apr 03 10:13:08 +0000 2018
1472,なんか一人すごいテンション高い人が,Mon Apr 02 17:56:04 +0000 2018
1473,明日は三重県最後やし伊勢神宮でも行っとくか,Mon Apr 02 17:55:24 +0000 2018
1474,"明後日宿舎入居日か〜
楽しみ楽しみ",Mon Apr 02 17:54:08 +0000 2018
1475,同じ高校の人らみんなホームシックになってて草,Sun Apr 01 15:29:48 +0000 2018
1476,結局テレビは買わないことにした,Sun Apr 01 07:19:18 +0000 2018
1477,書かなあかん書類が全く書けなくて辛い…,Sat Mar 31 15:28:18 +0000 2018
1478,はい大学生,Sat Mar 31 15:07:51 +0000 2018
1479,寝落ちしたー、最悪,Sat Mar 31 11:25:07 +0000 2018
1480,僕だけがいない街とか氷菓みたいなアニメが見たい気分,Fri Mar 30 13:06:50 +0000 2018
1481,受講中に知りたかった感ある,Fri Mar 30 12:55:06 +0000 2018
1482,橋爪の面白さを知ったのはスタンダード化学を受講し終わってから,Fri Mar 30 12:54:47 +0000 2018
1483,茨城にもROUND1ってあるのかな,Fri Mar 30 12:50:21 +0000 2018
1484,今日はボウリング、カラオケ、卓球と大学生の予習をしてきた,Fri Mar 30 12:50:05 +0000 2018
1485,俺届いてねぇよ…かすがらいふ,Thu Mar 29 13:57:12 +0000 2018
1486,みんな届いたって言ってるけど,Thu Mar 29 13:56:58 +0000 2018
1487,"TOEFLは知らなかったことにしよう
一番下のクラスの人、よろしくお願いします…",Thu Mar 29 13:10:23 +0000 2018
1488,もこうの料理動画を見てばちこり自炊の勉強してる,Wed Mar 28 12:38:22 +0000 2018
1489,"クラスから東大5人も受かってることが判明した
みんな賢かったんだな〜",Wed Mar 28 09:22:56 +0000 2018
1490,"あ、そういえば春日宿舎でした
一緒の人よろです",Thu Mar 22 14:16:16 +0000 2018
1491,"RT @enustasam: そう！筑波大学には保健管理センターという素晴らしいところがあって要は無料の診療所。薬も利用料も無料！歯医者もいて、ある程度の穴と歯石は取ってくてるよ！精神科も完備でメンヘラな君もぜひ使おう！なお有料化の話が最近持ち上がってる。
#春から筑波",Wed Mar 21 16:48:29 +0000 2018
1492,おやすみなさい,Tue Mar 20 22:42:02 +0000 2018
1493,午後31時41分,Tue Mar 20 22:41:44 +0000 2018
1494,起きるの4時頃になりそう,Tue Mar 20 22:40:51 +0000 2018
1495,そろそろ寝るか,Tue Mar 20 22:39:23 +0000 2018
1496,高校で喋ったことないけど面識あった人にフォローされるの、素直に嬉しい,Tue Mar 20 20:51:49 +0000 2018
1497,"オーバーロードの続きが気になりすぎる
てか2クールでやってくれ",Tue Mar 20 20:47:23 +0000 2018
1498,寝れなくなった,Tue Mar 20 20:46:59 +0000 2018
1499,"ボイチャで6時間マルチする
これがモンハンなんだよ",Tue Mar 20 20:46:41 +0000 2018
1500,最近水瀬いのりが好きすぎる,Sat Mar 17 16:21:02 +0000 2018
1501,"アイマイ(⌒,_ゝ⌒)",Sat Mar 17 14:51:25 +0000 2018
1502,"地元で筑波って言うとたいてい、千葉県？って聞かれる
…茨城だよ",Sat Mar 17 14:44:25 +0000 2018
1503,明日10時起きが結構辛い,Sat Mar 17 14:23:22 +0000 2018
1504,RT @sanma005: 春から筑波大になる人、入学後のTOEFLの勉強は,Sat Mar 17 13:29:13 +0000 2018
1505,キズナアイがMHW始めてる,Sat Mar 17 13:27:07 +0000 2018
1506,焼肉食った美味かった,Sat Mar 17 10:03:04 +0000 2018
1507,"YouTuberになりたいならMac
パソコン初心者はWindows",Sat Mar 17 10:01:34 +0000 2018
1508,今日は筑波大で何かあったの？,Sat Mar 17 07:14:54 +0000 2018
1509,クラスの人とカラオケ行く時は困ってたな〜 心絵とか歌ってた,Sat Mar 17 07:06:33 +0000 2018
1510,えりたんをフォローしたら筑波大生になれると聞きました,Fri Mar 16 18:25:22 +0000 2018
1511,klisに対するいいイメージが未だにひとつもないけど大丈夫か,Fri Mar 16 18:16:11 +0000 2018
1512,化学はいいけど、物理はダメだ,Fri Mar 16 16:07:31 +0000 2018
1513,klisは物理も化学もしなくてよさそう？？,Fri Mar 16 16:07:11 +0000 2018
1514,俺も超自称進学校出身だが,Fri Mar 16 15:45:52 +0000 2018
1515,筑波大って全国の自称進学校から集まってる感あるよね…,Fri Mar 16 15:45:20 +0000 2018
1516,アイシャをいれるとこが、ガチ感を感じる,Fri Mar 16 14:32:56 +0000 2018
1517,夢咲楓のシャドバ動画は期待以上,Fri Mar 16 14:32:26 +0000 2018
1518,ほとんどしないでワロタ,Fri Mar 16 14:25:44 +0000 2018
1519,1日1クール,Fri Mar 16 14:24:56 +0000 2018
1520,銀の匙めっちゃおもろいな,Fri Mar 16 14:24:37 +0000 2018
1521,春から筑波大になる人、入学後のTOEFLの勉強は,Fri Mar 16 14:21:02 +0000 2018
1522,ここ2週間動画とゲームの日々を送ってしまったせいで勉強ができない体に,Fri Mar 16 06:01:06 +0000 2018
1523,図書館でごちうさの曲を聴きながら英語をする俺、虚しさしかない,Fri Mar 16 05:54:34 +0000 2018
1524,klisの人とかフォローするのでフォローお願いします〜,Thu Mar 15 13:37:01 +0000 2018
1525,"大学用に新しいアカウントつくりました！
春から筑波大学 知識情報・図書館学類です！！
#春から筑波",Thu Mar 15 13:31:53 +0000 2018
